"S√≥lo hay que tener mucho cuidado si tienes picos de luz en la casa, la conecte c√≥mo dice el instructivo, la primera vez y saco chispas el contacto. Afortunadamente no le pas√≥ nada al aparato, tuve que cambiar el contacto y comprar un supresor de energ√≠a de 1875 w, para evitar que vuelva a pasar lo mismo, ya que la air flayer consume 1700 w. Hay que tener mucho cuidado con eso."
"Es cuesti√≥n de saber utilizarlo, y al parecer las temperaturas y tiempos recomendados var√≠an en torno al grosor de las carnes, papas etc."
"Pr√°ctica, √∫til, sencilla de usar aunque nunca hayas freidora de aire."
Muy buen y bonita.
10/10.
""
"Es un excelente producto, muy f√°cil de utilizar, a buen precio , y de muy buena calidad!!."
"No duden en comprarla , s√∫per f√°cil de usar y muy buena para cocinar ! estoy pensando en comprar otra , sale muy buena !."
"Muy padre, eficaz y buen precio."
"De las mejores compras que he hecho en mercado libre. Me gust√≥ mucho su funcionamiento facil y pr√°ctico.
Los alimentos quedan super bien cocinados.
Super recomiendo est√° freidora de aire gourmia."
"La mejor inversi√≥n que he hecho, est√° incre√≠ble me encanta."
Me gusto.
"Excelente es muy f√°cil de usar y cocina muy bien, la recomiendo."
Buien.
Excelente producto 100 % recomendado.
"Prepare bonless, entraron aprox 40 piezas en las tres bandejas. Es muy facil de usar, ya q los instructivos vienen muy claros, te dice cu√°ntos minutos debes ponerle seg√∫n lo q estes cocinando y la temperatura. De todos modos, si aprietas el bot√≥n de lo q quieres cocinar, solito te pone los minutos y la temperatura. Trae para hornear, fre√≠r con aire o deshidratar. Los accesorios q trae hace f√°cil el uso, una bandeja para que caiga los residuos, y unas pinzas para poder jalar las rejillas calientes, sin q sufras una quemadura. Estoy muy satisfecha. En 20min tuve unos ricos bonless. Tambi√©n he puesto las tortillas en este horno para parroar chilaquiles, estoy muy feliz porq me ahorro tiempo y sin nada de grasa. Lo recomiendo mucho!."
Excelente üëå üëå 100% efectivo me encant√≥ todo muy rico y sin usar aceite lo frie en muy poco tiempo de 10-15 lo recomiendo para todos los que quieren una comida f√°cil y r√°pida üòâüëç.
"Excelente producto, hasta pude hornear galletas."
"Excelente producto, solo tienes que ir probando tiempo y temperatura para no quemar la comida, hay que intercambiar charlas porque la de hasta arriba se come primero que las de abajo, el bote de papas no tiene mucha fuerza para rotar hay que meter menos de 500 gr de peso."
"No s√© si es que no cocino bien pero tanto las alitas como las papas no se cocen completamente suele faltar 10 minutos o m√°s, suele cocer colo parte de arriba mientras la de abajo queda a la mitad de cocci√≥n si eres paciente es pasable y fuera de eso a√∫n no llega el recibo de la luz pero si es muy pr√°ctico ahorra mucho tiempo en la cocina, no usas aceite y si lo recomiendo pero cocina con bastante tiempo para por porciones de m√°s de 4 personas podr√≠a no ser muy √∫til."
"Un producto muy bueno, se esperaba un poco m√°s de capacidad.
Le falta un recetario."
Hasta ahora ha funcionado bien. Buena calidad por el precio encontrado.
Es lo que wsperava.
"Esta bonita, es pr√°ctica y realiza su funcion a la perfeccion. Muy recomendable."
Excelente.
Excelente para cocinar sano y r√°pido.
"Me encant√≥, hago mofletes y me quedan super crujientes."
"Estoy enamorada de mi nueva air fryer, no he usado la opci√≥n de deshidratar ni como horno pero definitivamente como freidora es lo m√°ximo, amplia, grande, bonita, divina. Me encanta y la recomiendo much√≠simo."
"Me gust√≥ mucho, he hecho papas fritas, boneless y flautas. Esta potente."
"Siento que calienta un poco de m√°s pero ya le voy tomando el modo, me gust√≥ mucho porque me ha sido muy √∫til. He hecho postres y hasta he asado verduras y todo sale muy bien cocinado."
"La freidora es una maravilla.
Sin saber mucho de una freidora busqu√© un v√≠deo en youtube de c√≥mo fre√≠r un pescado, segu√≠ los pasos de acuerdo al v√≠deo y el pescado me qued√≥ de escasa progenitora. Beneficios: ahorro de aceite, apoya a no contaminar con aceites quemados y cero olores en la casa."
"Excelente producto. Ya tengo 1 mes con mi freidora y la he probado haciendo diferentes preparaciones: pollo, chuletas de cerdo, costillitas, vegetales al horno, pimientos rellenos, pizza y todas las preparaciones han quedado muy bien.
Les recomiendo que cuando se use en modo horno, froten los alimentos con un poco de aceite y cubran con aluminio para conservar los jugos y la humedad.
Cocina muy bien todos los alimentos que he preparado.
Producto 100% recomendado."
Necesita m√°s tiempo para la cocci√≥n de alimentos.
"Excelente para deshidratar, el tiempo m√°ximo es de 24 hrs y 30 grados cent√≠grados. Todo muy bien."
Exelente producto. El unico detalle es que como jala mucha corriente electrica y el cable es corto es necesario usar una extension. Puse una de calibre delgado standard y la fundio. Afortunadamente no paso nada no hizo corto pero estuvo a punto de hacerlo. Cambie la extension por una de calibre mucho mas grueso y ha funcionado bien. Mi recomendacion es esa usar extensiones con calibre que resista. Hasta donde lei el instructivo no dice nada al respecto ni al uso de otros utensilios ni metales etc tuve que ver tutoriales en youtube. Pero funciona muy bien. Ademas me salio a buen precio y en mensualidades sin intereses en el hot sale.
"Muy bien producto y con la garant√≠a de masterchef, solo se batalla con darle al tiempo y temperatura para cocinar pero poco a poco se le agarra la onda, vale la pena invertir en esta y no en otras de dudosa marca. No se arrepentiran."
"Es muy buena y bonita, pero muy ruidosa."
"Me gust√≥ es f√°cil de usar la e usado pocas veces pero si deja las papas bien cocidas, los filetes y no hace tanto ruido."
La verdad a√∫n no la a probado mucho mi esposa pero en lo que la a ocupado como para hornear y fre√≠r le a funcionado muy bien fue un regalo para ella y est√° s√∫per feliz con su funcionamiento en cuanto la ocupe m√°s les dar√© m√°s detalles pero por lo mientras la recomiendo ampliamente.
"Excelente producto, f√°cil de usar, f√°cil de limpiar y muy espaciosa."
"Hasta el momento ha funcionado bastante bien, he hecho panque y brownies y los cose muy bien, a√∫n tengo que checar los tiempos porque cose muy r√°pido, lo √∫nico es que masas muy l√≠quidas el ventilador las mueve y crea ondas o espirales en el pan una vez cocido, la canastilla de las papas funciona muy bien, solo que olvide precalentar y les falt√≥ un poquito a las papas a mi gusto. Hasta el momento todo muy muy bien."
Todo bien hace su funcion aunque es algo ruidosa.
"Me encant√≥, ya he realizado varios platillos üòÖ!."
Es bueno en si te saca de apuros si eres persona a las que casi no tienen tiempo de cocinar pero ojo si gasta algo de luz.
"Bueno.
El cable es muy corto."
"Excelente producto, sin duda alguna es s√∫per pr√°ctica muy amplia definitivamente. Pens√© que no sobria como usarla pero es m√°s f√°cil de lo que parece."
Uns chulada. Las cosas quedan s√∫per bien. Las alitas. Pizza. Todo.
Todo excelente.
Es muy buena compra.
Pr√°ctico funcional y silencioso.
""
"Excelente producto. F√°cil de usar, me encant√≥."
Excelente.
Muy buena y pr√°ctica para usar en cualquier momento y lugar.
Muy adecuado para m√≠ cocina.
"Excelente tama√±o, para mi que soy una sola persona en el dpto, se puede cocinar peque√±as porciones para comer al momento, o una buena porcion para guardarla ya echa y comer durante el transcurso del dia, el calentamiento es muy bueno y cocina de manera eficiente, el consumo de luz no se refleja muy elevado, cumple muy bien con su funcion y es f√°cil de usar y lavar. Gracias!!."
Me encant√≥ la super recomiendo.
"Excelente producto, f√°cil de usar, calienta rapido. Yo lo prob√© con unas alitas y quedaron bien cocidas y ricas."
Gran compra.
Es la mejor.
"El producto esta bien, funciona bien y es facil de limpiar, ademas que funciona bien para una persona que vive sola o en pareja, pero, la imagen que se ve aqui es diferente al producto que te llega, en la imagen viene una freidora con 4 funciones pero la que te llega solo tiene 3, bastante importante a considerar este punto si de verdad necesitas las 4 funciones, como a mi me urgia la freidora y como funciona bien, no la he regresado, pero de ser diferente la hubiera regresado de inmediato."
"Es pr√°ctico, f√°cil de usar, se limpia f√°cil. En general hasta el momento me ha salido muy bueno, llevo un mes con el producto. Solo no se que tanto consuma de electricidad."
"Es el de la imagen, llega bien empacada. Tiene un gran tama√±o y capacidad."
De excelente calidad hermosa funcional y de buena capacidad ped√≠ la chica para m√≠ hijo y para m√≠ pero puedo poner porciones para 5.
Amo esta marca. Super√≥ mis expectativas.
"El producto lo proporcionan como producto nuevo y no viene en su caja original, y le faltaron partes como por ejemplo la parrilla de acero inoxidable, no trai ni instrucciones de uso, producto ni malo y ni bueno. Pero bueno hay que usarla haber que tal funciona."
"Buena opci√≥n si es tu primera air fryer.
La zona para cocinar es relativamente peque√±a. Lo molesto es que est√° pegada a la agarradera, con estructura curva, por la forma del aparato, lo que es bastante estorboso al momento de lavarla. La temperatura est√° en farenheit, la m√≠nima en 300¬∞ y la m√°xima en 400¬∞."
Mi producto es excelente y muy eficiente para cocion.
"Excelente mejor de lo esperado, muy recomendable."
Muy funcional.
"Cumple con sus funciones, excelente calidad."
"Mi producto me pareci√≥ bueno dentro de lo que cabe, solamente cuenta con 3 funciones, cuando se publica que tiene 4, es facial de usar, en general buen producto."
Me gusto el producto! f√°cil de utilizar.
Super.
Excelente.
"La limpieza es algo dif√≠cil, la grasa es dif√≠cil de limpiar de la charola, parece que tiene porosidades, pero de lo dem√°s est√° excelente."
Excelente producto funciona bien.
Es una excelente compra tiene biene con un manual en dos idiomas especificando el tiempo y el peso de cada alimento lo recomiendo.
""
Buen tama√±o y hace muy bien su funci√≥n ü´∞‚ù§Ô∏è me encant√≥.
Es un producto genial de verdad que ma cambio la vida y cosas que no pens√© que podr√≠a hacer las hice con este horno r√°pido f√°cil y muy sano fue lo que m√°s me gust√≥ la amo.
"Todo est√° muy bien, lo √∫nico que la charola para hornear se manch√≥ muy feo y no se le quita."
Es buen producto lo malo es dura mucho para cocinar la comida.
Muy b√°sico.
Excelene producto y practico.
Excelente calidad y precio.
Recomendable por su funcionalidad.
Excelente!.
Muy bien para el precio.
Buen producto.
"No le puse todas las estrellas xq m falta usarla para dar mi opini√≥n completa, se ve d buena calidad m gusto xq viene con sus utensilios se m hizo hermosa üòä."
Es un buen producto. Las papas quedan muy ricas en la freidora. Esperare me llegue mi recibo de luz para ver sino sube mucho. Ya que cuando lo uso de noche la intensidad de mis luces baja.
Muy buen producto lo recomiendo.
"Muy buena compra, no dudes en comprarla si est√°s considerando este producto."
Esta muy bonita f√°cil de usar y limpiar adem√°s viene con accesorios de muy buena calidad y por el precio üëåüèª la recomiendo ami me gust√≥ mucho.
"Eo bote del aceite estaba muy fr√°gil y solo con enroscarlo se rompi√≥, pero de ah√≠ todo bien."
Me encanto el producto y la relaci√≥n costo y producto es muy buena. Recomendado.
Excelente la rexomiendo.
Muy buena su funci√≥n solo que si se calienta mucho el cable a la conecci√≥n.
Muy bien excelente.
Ami mam√° le encanto.
De calidad promedio y a un precio razonable.
Muy pr√°ctico.
Est√° genial me encant√≥.
"Todo bien, no se que normal sea que se calienta por la parte de afuera o me imagino que parte de.
Me gusta como deja la comida üëå."
"La acabo de probar y funciona bien hice unas papas a la francesa y todo bien , me gusta como viene y se ve de calidad espero dure mucho tiempo, ir√© actualizando con el tiempo."
"Excelente, bonita, silenciosa, y sobre todo de gran tama√±o, le cabe un pollo grande y hasta queda espacio me encant√≥."
Esta muy bien y si es grande como la queria.
"Muy bien producto, llega bien protegido, justo para que lleves una alimentaci√≥n sana, en casa cocinamos con aceite de oliva extra virgen, pero al usar la freidora no le ponemos nada de aceite, ya hicimos la prueba con papas y con nuggets y de verdad que sabe igual a las cosas fritas. Muy rico todo. F√°cil de usar, no es la gran ciencia."
Me encant√≥ muy buena calidad del producto.
Me encant√≥.
"Se ve muy bien, de pronto hay que ver c√≥mo se mantiene en funci√≥n."
Excelente producto.
Muy buen relaci√≥n calidad precio. 3. Es sencillo de utilizar.
"Perd√≠ el instructivo, pero es s√∫per practiquisima, s√∫per precio. Muy recomendable. Buen tama√±o, para guardar en un espacio peque√±o. F√°cil de limpiar y lavar. Aparte viene con unas pinzas. La adoro. Gracias."
Muy pr√°ctica y f√°cil de usar.
"Funciona perfecto, es f√°cil de usar, recomendada."
"Me gust√≥ mucho, es s√∫per buena ya veremos el recibo de luz ü§≠ pero la verdad muy bien."
Muy buena recomendable.
Excelente producto.
Bueno.
"De los mejores productos que eh comprado, hago todo mis alimentos sin aceite y es super f√°cil de usar."
Estoy muy contenta es s√∫per pr√°ctica f√°cil de usar y de limpiar.
"Excelente, muy pr√°ctica, funciona muy bien, me encant√≥, la recomiendoüëçüèª."
Muy f√°cil de usar f√°cil de limpiar muy recomendable.
Exelente producto lo recomiendo.
Super facil de usar me encanto!.
Me encant√≥ funciona s√∫per bien.
Un producto el tiempo dir√° su calidad solo me sobre cargo la l√≠nea el√©ctrica no puedo conectar con el microondas.
Est√° padr√≠sima la amo con todo mi ser!!.
En ninguna parte dice que es reconstruida.
Esta divina no la he utilizado mucho todav√≠a. No trae instructivo pero en internet se puede buscar informaci√≥n. Hasta ahorita est√° todo muy bien.
"Ya tengo m√°s de una semana con ella y es una maravilla, 10 de 10 es f√°cil de usar y limpiar y a pesar de que no viene en su caja original viene muy bien ampacada. !!."
Excelente producto muy recomendable.
"Est√° excelente es una maravilla , no tiene caja original como le√≠ en comentarios pero creo que si son nuevas 100% la ameeee , a√∫n no la uso pero me encant√≥."
Excelente producto.
"Fabulosa, mi primer uso fue con cirlon congelado para hamburguesas, 20 min y doradas, sin gota de grasa, es maravillosa muy recomendable, la amaran."
Hab√≠a querido hace tiempo una y est√° est√° incre√≠ble.
El producto es de lo mejor.
Super recomendado.
"Excelente producto, excelente calidad y manejo de."
"Granart√≠culo, super funcional en la cocina,."
Es justo lo que esperaba.
Excelente para cocinar sin grasa y a un buen precio.
"Excelente, buena potencia, tama√±o y calidad de los materiales. Me encant√≥ üëåüèª."
Se ve buy bn ya solo falta usarla.
Excelente producto.
Fabuloso.
Excelente volver√≠a a comprar sin duda.
Muybuena calidad.
Bueno pero deber√≠a de traer m√°s espec√≠fico el uso del producto.
Esta muy bien me gusto es amplio tiene bastante capacidad. Y los materiales de buena calidad. Me gusto mucho gracias.
Excelente calidad.
"S√∫per pr√°ctico, no gasta casi energ√≠a y es amplia, altamente recomendable."
"Es una freidora hermosa, s√∫per tama√±o, llega muy bien empaquetada. A√∫n no la uso pero viene en excelentes condiciones. Me encant√≥."
"La ameeeee.
Fue s√∫per sencillo hacer las alitas, las papas a la francesa quedaron en su punto de crujientes.
Me gust√≥ que llegara con su instructivo y adem√°s un recetario peque√±o, eso ayuda a quien la usara (mi mam√°/enemiga de la tecnolog√≠a).
La recomiendo al 100%."
Esta muy bien el aparato un poco enredoso de usar pero te acostumbras esta muy grande eso si lo imaginaba m√°s peque√±o pero entre m√°s grande mejor jaja.
"La use el primer d√≠a como por 3 veces seguidas y trabajo muy bien, me emocion√© jaja tuve que ver un tiktok para entenderlo f√°cil y r√°pido jaja me encant√≥ mi freidora muy espaciosa yo creo que si le cabe un pollo entero."
"Ta perrona la wey, deja la comida medio seca, pero es muy buena opci√≥n."
"F√°cil de usar, resultados tal cual se espera de una freidora de aire, ya con el uso se puede ir agarrando experiencia en cuanto al tiempo que necesitan los distintos alimentos para un resultado √≥ptimo!.
Vale la pena."
Me encant√≥! es muy f√°cil de usar y puedes preparar muchas recetas diferentes y sin necesidad de usar aceite. La capacidad es muy buena para cocinar grandes porciones de carne/pollo.
Muy buena calidad hasta ahora todo ha funcionado muy bien.
"Ya hab√≠a tendi√≥ una pero no me hab√≠a convencido del todo, pero est√° me gust√≥ m√°s la cocci√≥n de los alimentos es m√°s uniforme y megusta mucho poder ver c√≥mo va mis alimentos."
Me gusto totalmente vale la pena para el precio y calidad üëå.
Y excelente me encanta.
La verdad est√° muy bien 100 % recomendado.
"Muy buen tama√±o y f√°cil de usar, todo queda muy rico, justo como esperaba."
S√∫per excelente!!!.
Muy buen aparato de buen tama√±o y un buen precio.
"Buen producto, hasta ahora todo bien."
Muy pr√°ctico.
"Me encanta ! de buen tama√±o , facil de usar y la comida queda s√∫per bien."
Me encanta.
Es muy buen producto.
"Por el precio para una persona est√° excelente, cumple con todo."
Muy buen producto.
Lo que esperaba mis hijos la pueden manejar sin problema.
Muy buena que sali√≥.
"Esta hermoso, funciona bien y est√° enorme."
Es bueno.
Acorde a mis necesidades y muy pr√°ctico.
"El producto funciona muy bien, tiene buena potencia y los alimentos quedan bien fritos. Viene con aditamentos √∫tiles y es de muy buena capacidad. F√°cil de usar."
La verdad esta incre√≠ble y me sorprend√≠ al verlo y ya tengo creo que un mes y la verdad jala chido.
"El producto cumple con todo lo prometido. Adem√°s el panel tiene un dise√±o muy bonito y vistoso cuando est√° en funci√≥n. Para un resultado √≥ptimo tambi√©n cuenta que la persona sepa calcular tiempo y temperatura para diferentes platillos, como en cualquier aparato. Me gust√≥ much√≠simo y volver√≠a a adquirir una."
"Excelente producto, muy funcional."
"Exelente producto,solo me parece que es m√°s peque√±o de lo que esperaba,pero a√∫n as√≠ qued√© satisfecho."
Muy funcional y pr√°ctico.
Muy bueno.
Lamentablemente falla en el control touch no funciona hasta un rato no prende inmediatamente.
Excelente freidora!!! qued√© encantada.
Excelente compra tal cual como se muestra en la imagen y me hace la vida mas facil para cocinar solo un detalle la rejilla que trae si colocas comida pesada se sume la rejilla pero es el unico detalle de todo lo demas esta perfecta la recomiendo 100%.
Muy bueno.
Excelente compra !!.
Escelente.
Muy pr√°ctica y f√°cil de usar la recomiendo 100 %.
Excelente producto.
Me encanto esta s√∫per practica muy √∫til y saca de apuros excelente buena compra.
Me fascino nadamas quiero estar cocinando ahi.
Se la regal√© a mi hermano.
"Apenas la recib√≠ y la us√© , qued√≥ s√∫per bien la comida para no saber ni usar la freidora üòÖ la milanesa de pollo qued√≥ perfectamente cocida en 17 minutos. Fue muy f√°cil usarla , creo que fue una excelente compra 10/10."
"Muy bueno, s√∫per recomendable, amo que primero pre calienta, te avisa de agregar la comida y tambi√©n avisa para voltear el alimento.
10 de 10!."
"Excelente, los resultados de la cocci√≥n en esa freidora me sorprendieron. La recomiendo."
Excelente producto llevo un mes us√°ndola casi diario y sin problemas.
"Me encanta la freidora puedo hacer absolutamente todo, solo no sobrecalentarla mucho ya que es de pl√°stico."
"Es excelente y de muy buena calidad, deja los alimentos s√∫per cocidos y deliciosos sin necesidad de aceite, la recomiendo ampliamente."
"Excelente muy pr√°ctico, investigue y en promedio llegar√≠a la luz entre 250 y 400 al bimestre no est√° tan mal."
"Es un cambio agradable, la comida rapida y mas sana."
"Me parece muy buen producto, muy f√°cil de usar y los productos quedan bien crujientes."
Me encant√≥ üëå.
"Muy buena, solo lee todo el manual antes de usarla para entender de manera correcta el funcionamiento."
Hermosa y practica.
Excelentes freidora muy pr√°ctica y f√°cil de usar y limpiar.
"Muy buen producto, tal cual la descripci√≥n."
Super me encant√≥.
"Bell√≠sima, grande, ya hice papas fritas para aprender y est√° f√°cil, siguiendo el manual.
Viene un recetario con platillos super padres.
La recomiendo hasta ahora."
Muy buen producto.
Super me encant√≥.
"Es excelente me encanto, muy pr√°ctico y con infinidad de funciones mi mejor compra."
Muy buen producto calienta r√°pido y hasta ahorita no tengo ninguna queja.
"Hasta el momento una excelente compra, solo hay que investigar bien los tiempos."
Exelente calidad y sobretodo se cosina m√°s sano lo recomiendo ampliamente.
Buen precio y calidad. Buen funcionamiento.
"Excelente freidora, f√°cil de usar. Los boneless quedan muy ricos!."
Me gusto.
Excelente compra una de las mejores.
Bien.
La mejor compra que he hecho hasta ahora es simple y sencilla mente perfecta üòÆ‚Äçüí®üòÆ‚Äçüí®.
"La freidora trabaja mejor de lo que esperaba, es f√°cil de usar y muy intuitivo su manejo.
Es una buena compra."
"No aprecio bien la numeraci√≥n, no logro ver lo que se programa, yo creo sali√≥ defectuosa o de plano no le entiendo."
Excelente super grande y hermosa nada dif√≠cil para empezar a manejarla solo lee bien las instrucciones y listo!.
Mi primer freidora y estoy m√°s que contento y satisfecho con mi compra. Es una excelente marca muy espaciosa f√°cil de usar y deja mis papas super crujientes y ricas nota: soy adicto a las papas a l francesa y de verdad que por el precio y aparte el descuento extra vali√≥ much√≠simo la pena pronto har√© m√°s variedad de comidas y subir√© actualizaci√≥n de informaci√≥n pero hasta ahorita 10/10.
Exelente producto. Viene en su caja orijinal/trae resetario. La recomiendo.
"Excelente compra, funciona perfectamente. Realmente parece que fr√≠es la comida."
Excelente. Cocina tal cual te ds las indicaciones. Se cocen bien los bistec hamburguesas salen todas escurridas de la grasa que trae la carne. Y ademas doraditas. Papas francesas salen tostaditas tal cual. Me encanto.
Buen producto.
Es una chulada ahorra mucho tiempo creo que voy a comprar otra.
""
"Esta excelente, sobre todo si lo que buscas es preparar los alimentos sin aceite excelente compra, se usa 2 veces al d√≠a 5 d√≠as de la semana, muy recomendable."
"Me encanto, ya llevo un a√±o usandola y funciona super bien y es de gran tama√±o. Sin duda la recomiendo."
Excelente producto.
Exelente. üòÉ.
Qued√© satisfecho con el producto. Gracias.
"A m√≠ me pareci√≥ un excelente producto, al principio pens√© que era m√°s peque√±a pero el tama√±o es muy bueno, es eficiente y f√°cil de usar."
"S√∫per , bonita muy practica me encanto!."
Lo √∫nico es ke no se keda pausado en el tiempo real tu tienes ke tener el tiempo contado.
"En t√©rminos generales es muy buena, s√≥lo tengo un pero, y es que el calor no se distribuye de forma uniforme, ya que los alimentos quedan m√°s cocinados de un lado."
"Es un buen producto, muy recomendable, tiene sus detalles en cuesti√≥n de uso pues le debes de agarrar la onda. De luz el consumos es un poco alto tambi√©n dependiendo si se us√≥ much√≠simo."
"Llevo medio a√±o con ella o mas y esta funcionando perfectamente, recomiendo ampliamente!!!."
Me encanto facil de usar y limpiar.
Es buena calidad deja la comida jugosa.
Muy √∫til.
"Tengo ya tiempo con ella es grande as√≠ que puedo meter varias cosas.
S√∫per f√°cil de limpiar tampoco pesa tanto.
Yo quer√≠a comprar una de otra marca pero vi que alguien recomend√≥ ese y me gust√≥ mucho la recomiendo 100%."
"Funciona como debe y sin problemas, aunque tal vez te quede peque√±a si es que buscas cocinar porciones completas para m√°s de 2 personas."
"Es un excelente producto, como todo lo que fabrica esta empresa 100% mexicana avera. Calificaci√≥n 10 de 10. Si buscas calidad a buen precio, este producto te encantar√°."
"Pues por ahora solo la he utilizado para las papas a la francesa, a pero que papas ya con eso le doy un rediez."
"Me encant√≥, se puede usar v√≠a remota por wifi, tiene su aplicaci√≥n."
Super bonita y grande. La recomiendo.
Es muy buena y sencilla de usa.
"Tiene muy buen tama√±o, muy pr√°ctica de usar y lavar. Me recomendaron este modelo y la verdad si que me ha gustado much√≠simo."
"Me encant√≥, para hacer papas, nuggets, bizcochos y las papas a la francesa las hace muy bien crujientes y ricas. De me hizo f√°cil usarla y limpiarla las instrucciones muy f√°cil de entender. Medio sali√≥ excelente el producto!."
Deja crocante la comida.
"No puedo opinar en muchos de los puntos. A calificar pues fue para regalar, pero lo que vi est√° muy acorde a el precio."
Excelente producto f√°cil se usarse.
"Buen producto, estoy satisfecho con la compra, lo recomiendo para uso ocasional en el hogar, tal vez no sea el mejor para uso continuo o negocio."
Muy buena compra.
Excelente producto lo recomiendo.
Exelente producto.
Es clave que es el modelo de mayor w. Perillas de tiempo y temperatura simplifican la operaci√≥n.
"Funciona muy bien, no he tenido ning√∫n problema hasta el momento. F√°cil de usar, buena cocci√≥n de los alimentos."
La mejor compra que he hecho.
Excelente producto.
"Pues de uso combinado ha trabajado m√°s de 2 horas a 180 y todo bien.
Importante leer el instructivo."
"Excelente, me gust√≥ mucho, es muy f√°cil de usar y limpiar, y para las cantidades que uso qued√≥ perfecta."
Recomendado buena calidad en material sencillo para utilizar.
Muy vien muy buen producto.
"En general es un horno el√©ctrico m√°s. Lo compr√© por los accesorios que en la imagen se muestra, pero no vienen el dispensador de aceite ni el guante t√©rmico. Funciona bien, y es lo √∫nico que lo salva, en mi opini√≥n."
Chingon. Lo recomiendo.
Est√° excelente me gust√≥ mucho.
No viene el instructivo ni el pomo para el aceite.
Muy bueno lo √∫nico es que el tama√±o se me hace muy peque√±o pero cumple su funci√≥n la caja ven√≠a algo maltratada pero de ah√≠ en adelante todo bien.
"Supwr bien, llega en excelente condiciones. 10 de 10."
Muy buen producto f√°cil de usar.
Excelente no hace ruido.
Excelente producto lo recomiendo muy buen material funciona excelente.
"De las mejores inversiones que he hecho. Es muy buena en la cocci√≥n de los alimentos. No llega a m√°s de los 200 grados, debes considerar eso. La capacidad es buena para una comida de 2 personas."
Muy bonito y practico.
Muy facil de usar y super rapido de limpiar ideal para una pareja.
Muy bien.
Me gust√≥ el producto.
Es perfecto para cocinar.
Buena.
De excelente calidad por el precio.
"A√∫n no la he probado, pero se ve que es de buena calidad, prob√°ndola modifico mi opini√≥n."
Excelente para familia de 2.
"Es genial, a mi esposa le encanta, ya me tiene hasta la madre, solo habla de √©l."
"Excelente producto, solo no es tan alto pero en funcionamiento es perfecto."
"Ya m√°s de un a√±o con este horno y la verdad nos gusta mucho, la opci√≥n air fryer a pesar de que maneja 20mins, yo siempre le doy m√°s tiempo, para fre√≠r alimentos a√∫n prefiero usar una air fryer."
"Hasta ahora, no me ha fallado estoy contenta con la compra."
"No cumple las expectativas, muy impractico."
"Muy c√≥modo cocinar sin salpicar aceite, manteniendo todo jugoso por dentro y crujiente por fuera. Espero que no se descomponga nunca! que muera de vieja!."
"Me encanto, me deja la comida bien crujiente a√∫n me falta aprenderle m√°s pero estoy encantada üëå."
"Excelente, la capacidad es muy buena , el tama√±o y la forma cuadrada ayuda mucho al acomodo ademas de tener un acabado elegante al dejar de lado el clasico acabado de plastico, sin duda una gran compra."
"Muy buen producto recomiendo su compra, pens√© que no quedar√≠an las comidas como las promocionan pero si quedan, y muy buenas, 10/10."
Muy buen producgo.
El pollo queda muy seco tiene que ajustarse manualmente la temperatura.
Excelente.
"Excelente calidad, los materiales se ven y se sienten de calidad. Si se recomienda est√° freidora."
"Es maravillosa, f√°cil de usar leyendo el manual de uso y f√°cil de limpiar, hasta el momento ha funcionado muy bien."
"Hasta ahora bien, el √∫nico detalle es que si se pega la comida y se batalla para limpiar :c."
F√°cil de usar. Pr√°ctico y bastante √∫til.
"Muy buen tama√±o, pense que le cabria menos y muy facil de usar."
"Me gust√≥ mucho, el tama√±o es bastante bueno, creo que si le cabe un pollo entero."
"Excelente producto, no saca humo y queda super rica la comida."
"La mejor freidora, bien con un librito de recetas."
Malo.
"El producto funcionaba muy bien, pero en menos de 3 semanas we uso no exigente (solo una o dos veces por semana) la manija se da√±√≥.
No era la calidad que esperaba."
"Me fue muy inseguro tener esta freidora, ya que nunca para el ventilador, tuve que desconectar la freidora para que se apagara y eso que me espere 5 minutos, y el bot√≥n de encendido/apagado no sensa para poder apagar el equipo, siempre tuve que desconectarla de la corriente."
"Todo excelente, solo el panel t√°ctil no es tan responsivo pero le agarras el modo y no hay mayor problema."
Bien muy grande.
El instructivo est√° muy poco explicativo y de poca ayuda.
No frie bien.
"En la primera usada despues de cocinar, al intentar sacar la charola, se safo el mango o agarradera de la misma."
Esta muy corriente es de pl√°stico los botones no funcionan bien ya que son touch no creo que dure mucho es desechable.
"Muy buena, sirve para muchas cosas."
Chulada.
No trae los tornillos y se safo la palanca.
"Muy buen producto, calidad precio, el detalle que la caja vino en mal estado y el manual solo vienen ingl√©s."
"El producto claramente no es nuevo, no viene en su caja original, no trae manual ni p√≥liza de garant√≠a, y al encenderlo marco un error, la regrese y solicite mi devoluci√≥n."
Apenas estoy aprendiendo a usarla es peque√±a y es bonita se ve linda en mi cocina.
Ideal para familias chiquitas el espacio es reducido pero le cabe una buena porci√≥n de comida en este caso solo somos mi mam√° y yo.
"Super bonito, deja el pollo bien doradito. üëç."
"Muy buen producto, me gust√≥ mucho, f√°cil de usar y tambi√©n de limpiar."
"Es bonito , en cuanto a tama√±o es grande si ocupa espacio pero la ventaja es que cabe m√°s alimento en la canastilla y muy f√°cil de limpiar, vale la pena el espacio que ocupa."
Me gust√≥ mucho es muy funcional no he tenido ning√∫n problema con ella üëå.
Fascinado con la compra.
Es de muy buena calidad solo que se m diculta usarlo como quisiera mucha tecnolog√≠a par√° mi jeje.
"Por el precio, la vdd esperaba algo m√°s sencillo, buen tama√±o, controles t√°ctiles, un poco m√°s grande de lo que imaginaba, pero excelente para una comida completa, muy recomendada, afuera no encontrar√°s algo as√≠ por este precio."
Hasta ahorita no he tenido ning√∫n inconveniente con el producto.
Muy buenoüëçüèª.
Muy buen producto excelente calidad cumple al 100% todo lo que necesit√≥.
"Estoy contento por la compra, espero que tenga durabilidad."
"Buen producto, cumple acorde su funci√≥n."
"Funcional al 100, definitivament ela volveria a comprar."
Ok.
"Funciona bastante bien, he tenido freidoras de menor precio y esta funciona much√≠simo mejor. Algo que me encanta, por ejemplo, es que las papas fritas no se tienen que sacar para revolver, en un solo tiempo se cocinan parejo y de manera perfecta."
"Pr√°ctica y peque√±a, f√°cil de acomodar."
"Me encant√≥ ! est√° muy bonita y de buen tama√±o, al utilizarla funcion√≥ excelente cumple con lo prometido üôåüèª."
En lo personal me gust√≥ mucho f√°cil de usar y con tema de los alimentos queda muy bien.
"Muy buena, excelente calidad de materiales y en su cocci√≥n, recomendada."
"Muy buena inversi√≥n, lo √∫nico que te falta es algunas recetas y saber los tiempos de cocci√≥n para los alimentos. Buscar referencias en youtube para saber la temperatura y tiempo."
"Me encant√≥ el producto, la cocci√≥n de los alimentos es buenisima, f√°cil de usar y muy pr√°ctica."
Bueno y funcional.
"Realmente muy buena, vale completamente la pena, al poder hacer 2 comidas a la vez."
Bien.
Exce.
Excelente producto.
"Excelente, funciona perfecto."
Excelente funciona muy bien es recomendable.
Me encanta!!! solo falta atinarle a algunos platillos tiempo y temperatura.
"Me gust√≥ preparo pasteles super r√°pido, y galletas con n 20 minutos."
"Me encanto, es f√°cil de usar. Funciona muy bien y puedes preparar diversidad de platillos."
Excelente nos gusto mucho üòÅüëç.
Muy buen horno muy moderno solo me gustar√≠a que la freidora de aire friera mejor las papas lleva mucho aceite y eso no me gusto.
Buen producto.
Muy buena.
"El producto es bueno, a√∫n no le he usado mucho pero va genial por el momento."
Excelente producto.
"Me encanto, apenas estoy entendido como cocinar pues si me pas√≥ de tiempo las pechugas empanizadas se me resecan. Pero lo que es alitas, sanchichas y carnes rojas quedan excelentes en 30min con la freidora.
Nota. Se le da el estilo a cocinar y tienes que esperar a que precaliente para volver a dar toque al bot√≥n e iniciar la cocci√≥n. Lo comento por qu√© la primera vez lo puse y me fui a trabajar. Regrese a las 30 min y solo hab√≠a precalentado por qu√© no le puche el bot√≥n despu√©s de que precalento (precaliente en menos de 5min).
Si cocinas para pocas personas con una freidora de aire normal basta. Pero si cocinas para m√°s de 4 personas este hornito est√° de maravilla.
Adjunto fotos con una caja de cereal grande para que tengan idea del tama√±o."
"Estas muyy bonitaa,, see sientee dee buenaa calidadd,, loo unicoo quee noo mee gustoo ess quee noo traee rrecetarioo."
""
"Tienen 3 rejillas y se pueden colocar al mismo tiempo y todos los accesorios. Tuve el modelo grande de 22litros oster pero era demasiado grande y muy dif√≠cil de limpiar y los dem√°s marcas que son muy peque√±os. En espec√≠fico este modelo es del tama√±o ideal, m√°s est√©tico muy bien hecho, digital y m√°s f√°cil de limpiar. Muy bien producto. Ya lo us√© y si es recomendable mover los alimentos entre tanto y tanto para que se cocinen mejor y queden doraditos o crujientes, depende de la fino que cortes los vegetales."
"Es una buena freidora de aire, apenas tiene 1 solo uso y es excelente, si les preocupa el error ""eo2"" al ponerla a m√°xima temperatura, lo que sucede es que la instalaci√≥n el√©ctrica no la soporta, pero funciona exactamente igual ponerla a mayor tiempo en una temperatura menor."
Excelente compra a muy buen precio yo la he estado probando por varios meses para poder dar una opini√≥n un poco m√°s acertada al menos para m√≠ en las veces que la he utilizado me ha funcionado s√∫per bien lo √∫nico que he tenido un poco de problema es al cocinar pollo que ser√≠an solo piezas grandes como lo son las pechugas y muslos para todo lo dem√°s me ha funcionado excelente y no he visto alguna variaci√≥n en cuanto al recibo o consumo de luz.
"Hasta el momento todo bien, solo checar bien como est√° el voltaje en su casa para q no tengan problemas y les marque error."
"Muy buena, le puse 4 estrellas porque el cable es algo corto y con los otros electrodom√©sticos tuve que ponerla loas cerca del enchufe."
"No funciona a 200 grados marca un error, pero a menos grados funciona muy bien tiene buena capacidad."
"Muy f√°cil de usar, con muchas funciones , de excelente marca y calidad y a un precio excelente. 100% recomendado."
"Es muy bonita, trae todos los accesorios descritos, estoy muy contenta con la compra."
"Me encanta, es como tener una freidora y un horno a la vez, funciona muy bien."
Todav√≠a no la uso pero me gust√≥ mucho viene de buen tama√±o y con todos sus accesorios que indica el producto espero sea f√°cil de usar s√≠ recomiendo la compra solo que no s√© por qu√© no me deja subir fotos la aplicaci√≥nüò•.
"Excelente, justo lo que requer√≠a. Aunque cuenta con 3 parrillas siempre se cose m√°s r√°pido lo que pones arriba, pero basta con sacar y poner unos minutos m√°s lo de abajo. He horneado tambi√©n en ella y muy bien todo."
Excelente producto to lo recomiendo ampliamente.
Todo bien pero las cajas vienen s√∫per maltratadas y rotas):.
"Cocina muy bien el pollo, no me he adaptado muy bien a los botones pero todo bien."
Para una tarde de pel√≠culas excelente y lo mejor las puedes hacer a tu gusto despu√©s de prepararlas.
Egg celentes productos 10/10.
Cumple todas las espectativas. Aunque ser√≠a bueno que agregaran una relaci√≥n de temperaturas con diferentes alimentos.
S√∫per:3.
"Estoy muy satisfecha con la freidora, ten√≠a temor de usarla pero es muy f√°cil su manejo y los alimentos quedan muy ricos y sin grasa.
La recomiendo ampliamente por su uso y seguridad."
Me encanta!!.
"S√∫per bien, pero a unos meses de compararla ya no est√° tan bueno el antiadherente."
"Es b√°sica pero no es malo, es lo que necesitas para cocinar d√≠a a d√≠a. Practica y bonita."
"Muy buena, buena potencia, muy pr√°ctica."
"Me parece buen producto, pero quisiera saber si es normal que se caliente la freidora por fuera?."
Excelente producto me gust√≥ es grande su charola y hornea bien f√°cil de manejar su dise√±o es bonito.
""
"Una de las mejores compras que he logrado hacer, funciona de maravilla y la he usado hasta para deshidratar carne y no he visto picos de consumo en el recibo."
"La am√©, es muy f√°cil cocinar con ella, pero la quer√≠a para negocio y tristemente no me sirve para eso, solamente sirve para uso diario, dom√©stico."
"Llevo un a√±o uso diario y ni un solo problema, de mucha ayuda en la cocina."
"Muy, muy recomendada, solo para limpiar la parte donde est√° la resistencia (interno-superior) esta complicada. El consumo aun no me llega, espero sea razonable. Si le cabe un pollo entero mientras no pase los 1. 5kg; si gira; los accesorios son de gran ayuda."
""
"Muy buen producto.
Multifuncional.
Y facil lavado."
"El √∫nico problema es que var√≠a el tiempo para fre√≠r, a los que vienen ah√≠, hay que sumarle otros 10 min al menos, pero aparte de eso, todo bien."
"Excelente producto aunque las parrillas y el aditamento giratorio son algo dif√≠ciles de lavar a√∫n as√≠ estoy muy contento con el horno, si lo recomiendo para comer un poco m√°s sano."
"Excelente dise√±o, muy amplio y de muy buena tecnolog√≠a."
"El producto me parece bueno de buena calidad y hace su funcion muy bien, lo recomiendo."
Excelente calidad y materiales. Viene con todos los aditamentos que se muestra. Tiene bastante capacidad para meter alimentos. El asado o cocimiento var√≠a seg√∫n el tipo y la cantidad del alimento. Excelte compra y un precio realmente justo.
"Excelente freidora, hasta el momento no he tenido problema con ella, es f√°cil de usar, de limpiar."
"El producto cumple con todas las especificaciones, llega en su caja original con los documentos, recib√≠ el m√≠o en excelente estado y funcion√≥ a la perfecci√≥n, hasta ahora solo he hecho papas fritas pero las hizo muy bien, no causa picos en el consumo el√©ctrico en mi caso."
"Estaba excptico pero al cocinar es una maravilla, cocina bien las alitas, no es dif√≠cil de usar la verdad no me arrepiento de mi compra."
"Cumple muy bien su funci√≥n, me ayuda mucho en la comida frita sea mas r√°pida, calentar comida y sabe m√°s rico que en microondas, las papas fritas tambi√©n salen bien, cumple su funci√≥n y la capacidad esta muy bien."
Biene mejor de lo que se ve en la imagen.
"Excelente producto, üòÅ lo recomiendo mucho, me hise unas costillas ribs bbq en la freidora y qued√≥ muy rico."
"Est√° bonita y grande, me encant√≥ que trae una pinza muy padre para tomar los alimentos."
Excelente me encanta queda ric la comida si usar grasa genial l recomiendo mucho el precio excelente par la calidad.
"Excelente producto, en lo que respecta a calidad precio, supero mis expectativas. Haa y por cierto a mi si me vinieron las pinzas : }."
Me encant√≥ fue para un regalo para mi hermano k vive solo y es s√∫per f√°cil de usar y limpiar.
Muy √∫til üëç.
Esta muy amplia y calienta muy bien.
Me ha sido muy √∫til f√°cil de usar.
Me parece muy buena compra. Quiz√°s lo √∫nico es que siento que no calienta tanto y tengo que dejar las cosas m√°s rsto.
Me encant√≥ funciona muy bien.
Era lo q esperaba funciona muy bien fue f√°cil adaptarme al tiempo üëçüëç.
"Me pareci√≥ bien, su tama√±o es grande, y hasta ahorita funciona muy bien."
"Me encanta, 10/10."
"Se bien , lo desempaque y no trae term√≥metro de sonda ni la rueda para enrroyar el cable."
Exelente es m√°s mejor de lo que me lo imagin√©.
"La calidad de los materiales es buena y tiene buena capacidad, pero los tiempos y temperaturas de cocci√≥n que tiene programados no son los correctos, tienes que estar revisando constantemente."
"Muy buena hasta ahora, cumple con todo lo que anuncia."
"La freidora es muy f√°cil de usar, viene con tiempos prederterminados, hasta el momento me ha funcionado perfectamente, ya prepar√© pescado, papas, deshidrate fruta y todo muy bien."
"Muy bien producto.
Pero no viene en cart√≥n de la marca es un cart√≥n sin logos.
No trae instructivo."
"No tra√≠a la caja original, no trae instructivo."
"Es un producto excelente, cuenta con todo a lo que hace referente, lo recomiendo. Me encant√≥ mi compra a este productoüëç."
""
"Es reacondicionado. Viene en caja caf√© sin impresi√≥n ni serigraf√≠a. Tampoco viene con garant√≠a, manual o alg√∫n tipo de accesorio. Funciona bien y tiene muy buena capacidad solo que es muy ruidosa. No recomiendo usarla a temperatura m√°xima ni confiar en los tiempos de cocci√≥n, mejor revisar de vez en cuando la cocci√≥n en lo que te acostumbras o se queman las cosas."
Excelente.
Funciona de maravilla! me tiene fascinado!! altamente recomendable.
Funciona al cien.
Solo que consume bastante energ√≠a.
Bueno pero no trai manual y la verdad hace mucha falta.
Exelente producto.
Estoy muy contento con el art√≠culo. üëç.
Gracias est√° muy grande y funciona muy bien üëç.
"Un producto excelente, cumple con todas las funciones lo recomiendo."
Muy bueno calidad y precio al 100.
"Excelente producto solo que deber√≠an de omitir lo de calienta agua ya que no se puede con este tipo de aparatos, ese es su √∫nico defecto."
Esta super padre. Y muy amplio.
"Fascinada!! funciona super bien y sin necesidad de usar aceite. Sobre la app no tengo nada que decir ya que no la descargue, pero en resumen excelente freidora. No duden en adquirirla."
"El producto cumple muy bien su funci√≥n de freidora de aire, me gusto la ventana que tiene, sirve muy bien para poder vigilar la cocci√≥n de los alimento sin tener que abrir a cada rato.
Lo √∫nico malo que le encuentro a este producto es que promete una app para poder manejar la e incluso conectarla a una alexa pero hasta la fecha de hoy 04/06/2024 no se conecta a nada, ni a la app. Muchos comentan que lo que no sirve es la app que ayuda a vincular pero quien sabe.
Ya llevo de uso 2 meses sin fallas."
Me encant√≥.
Muy bien producto.
Muy buena gompra.
Es lo justo si quieres hacer comidas rapidas.
"Excelente, me encant√≥ todo lo que hagas se hace r√°pido."
Muy buen producto y a buen precio! super vali√≥ la pena üëåüèª.
"Buen costo beneficio, seis litros capacidad suficientes para molletes, papas fritas y calentar tus alimentos."
"Muy pr√°ctico,no hace ruido."
Excelente. Super√≥ mis espectativas.
"Me encant√≥,en mi horno de estufa jam√°s me hab√≠an quedado doraditas mis galletas ahora q las hago en mi freidora me quedan perfectas."
"Muy buen producto, su manual est√° s√∫per bien, ya la prob√© y cocina tal cual viene en las recomendaciones de tiempo y temperatura."
"Muy buena compra, calidad precio.
Excelente producto."
Muy buena freidora.
Muy bien excelente.
Excelente.
Mui buen producto.
Excelente producto!.
Est√° genial!!! muchas opciones para cocinar!.
"Esperaba m√°s del producto. No deja los alimentos como me gustar√≠a, toma mucho tiempo, solo los coce pero no quedan crujientes. Las papas las puse m√°s de 20 minutos y solo se ablandaron y el sabor no era bueno. No vali√≥ la pena mi compra."
Bueno pero solo tiene en grados farenheit.
Excelente producto lo recomiendo.
"F√°cil de usar, ahorra tiempo para cocinar."
Excelente el precio y es muy buena cocinando.
"Es bastante grande la canasta y los 7 modos que trae la fre√≠dora me parecen muy buenos.
Su instructivo es super entendible."
Me gusta mucho relacion precio y garant√≠a. Y muy practica se recomienda y quiero la ninja chef.
"Gran producto, su uso es sencillo al momento de programar los tiempos, es resistente y su tama√±o es excelente para preparar cosas grandes o por cantidad. Recomentado."
Bueno solo esperaba que su color fuera negro en su totalidad pero esta muy bonita.
"Esta genial, l marca es muy buena, sin duda la recomiendo."
Excelente.
"La am√©, simplemente esta excelente."
Excelente producto.
Excelente producto.
Excelente.
Disculpen que no pida hacer m√°s comentarios pero la compre para regalo.
Me gust√≥ mucho!.
Es excelente üëå.
Me parece bien el producto a secas ya que a mi punto de vista siento que es mucho el tiempo de cocinado y eso se ver√° reflejado en tu consumo el√©ctrico.
Una excelente compra!.
Bueno.
Me encant√≥ cumple su funci√≥n.
Muy buena.
"Es un producto muy caro que deja un mal sabor en los alimentos, incluso durante su uso comienza el olor como a metal caliente y este mismo olor se mezcla con el sabor de los alimentos que en general saben mal, esperaba mucho m√°s por la marca y costo del producto."
"Es sencillo de usar. Hasta ahora s√≥lo he hecho papas a la francesa con la configuraci√≥n para papas; creo que es necesario dejarlas m√°s tiempo en la freidora para que queden crujientes. Vivo a 2,200 msnm, una temperatura ambiente de 24 ¬∫c y aprox. 60% de humedad en el momento de probar el producto."
"Es un producto que cumple con lo que se describe, se puede cocinar m√°s f√°cil poco aceite, y la limpieza de la bandeja es muy f√°cil, la recomiendo al 100. La diversidad de cosas que se pueden hacer es amplia,."
"Estoy encantada. Y jala al 100, hasta ahorita no eh tenido ning√∫n detalle, yo investigue la marca de freidora de aire. Y me apareci√≥ esta marca, le doy 10/10."
Incre√≠ble.
Justo lo que necesito.
Hasta ahora me ha parecido un producto adecuado a mis necesidades.
"Genial. F√°cil de usar. Y lo mejor es poder cosinar sin grasa. Por mi salud debo comer sano y sin grasa, pues tengo colesterol y triglic√©ridos altos. Est√° freidora es la soluci√≥n para mejorar mi alimentaci√≥n."
Esta hermosa.
"Muy bien el producto, lo recomiendo ampliamente."
Por 1500 que me cost√≥ es lo justo.
Es f√°cil de manejar y limpiar.
"Ha funcionado bien y el dise√±o me gust√≥, espero y dure la he usado como 4 veces y a funcionado bien."
Muy bien producto. El material s√∫per bien. Funciona perfecto.
"Excelente producto, ya lo us√© y sin problemas est√° perfecto üíØ."
Excelente producto‚Ä¶ muy recomendable.
"Excelente, es mi primer freidora y muy facil de usar y lavar."
"Es una marca que ya conozco y me gusta su calidad, por esa raz√≥n la prefer√≠ entre otras marcas, bonita presentaci√≥n, elegante, material resistente y sus aparatos funcionan de maravilla ,."
Muy buena la freidora la recomiendo al 100.
"Me encanta, s√∫per sencilla de usar y s√∫per potente."
Buen producto.
Encantado con su funcionamiento.
La volver√≠a a comprar. Excelente.
100% recomendado.
Me parece muy bien para mis necesidades.
"Hasta el momento ha funcionado de manera √≥ptima, tanto en vegetales como en pollo la cocci√≥n es la adecuada.
Es muy f√°cil de usar, el manual es corto y conciso.
La freidora es muy est√©tica y le da un toque contempor√°neo a la cocina.
Me resulta pr√°ctico que el deposito sea de cristal porq me permite ver que tal van los alimentos, as√≠ puedo decidir si quitar o agregar m√°s tiempo para que se cocinen."
Est√° s√∫per bonita.
"La presentaci√≥n del producto es bastante linda, es f√°cil de limpiar al ser de vidrio, no me tengan miedo al ser de ‚Äùvidrio‚Äù aguanta perfectamente la temperatura y es f√°cil de usar, sin duda buen producto."
"Incre√≠ble, perfecta, silenciosa, f√°cil de usar, todo queda perfectamente cocido y crujiente."
Me encanto ü§©.
No tra√≠a las pinzas solo ten√≠a un guante de all√≠ funciona perfectamente ya que todo ya viene programado.
A mi esposa le encant√≥ es f√°cil de usar y de limpiar adem√°s que al ser de cristal te permite ir viendo la cocci√≥n sin estar abri√©ndola para revisar.
Muy padre! super facil de limpiar.
Es muy buena.
"Si buscas que quepa un pollo, esta freidora de aire no es para ti. En las im√°genes muestran un pollo dentro, pero la realidad es que necesitar√≠a ser un pollo peque√±o. En cuanto a su funcionamiento, es muy intuitivo y trabaja muy bien."
Muy bueno.
Excelente producto.
"Muy f√°cil de usar, me encant√≥."
"Me encanta, llevo una semana con la freidora y funciona bastante bien."
"Realmente me encanta, super recomendada llevo con ella casi el a√±o y no he tenido ning√∫n problema."
Es buen producto pero gasta mucha electricidad.
"No he hecho mucho, hice chuletas y me encant√≥ como quedaron. Solo que puse 4 solamente para que quedar√°n bien doradas y cocidas. Y les di mucho m√°s tiempo del que esta en lo de la imagen. M√°s no s√© si se compensar√° lo que se ahorra de aceite y ahora gastar√© m√°s de $$ x la energ√≠a."
La verdad es muy buena opcion economica. Aun no checo consumo de luz.
Muy buen producto y est√©tico lo que si a pesar del tama√±o para que cocine bien los alimentos tiene que ser una cantidad medida no llenar el recipiente.
"Buen producto, mi esposa muy satisfecha con el."
Hasta ahora un mes super bien. Excelente adquisici√≥n a parte muy est√©tica me encant√≥.
Excelente!!!! es lo que esperaba.
Funciona muy bien.
Bueno.
Es muy buena calidad solo tener en cuenta que no es tan grande.
"Es de buena capacidad y calidad, aunque habr√≠a preferido que trajera m√°s recetas la verdad me encuentro satisfecho."
La compre para mi cu√±ada y el est√° s√∫per encantada con lo f√°cil de usarla y que la saca de apuros para sus dietas del gimnasio.
Excelente.
"Todo viene en el manual y es muy f√°cil usar el display en el tablero virtual, ya que cuenta con fotos de los alimentos lo que lo hace muy sencillo. Las papas salen doraditas y sin nada de grasa, el salm√≥n delicioso. Me encant√≥!."
"Excelente funcionalidad, realmente f√°cil de usar y todo queda buen√≠simo."
Excelente producto!! solo quisiera saber como cambiar grados f a c.
F√°cil de usar y f√°cil de limpiar.
Excelente muy pr√°ctica ya estoy disfrutando de las maravillas de este producto.
Excelente freidora muy f√°cil de usar y de limpiar.
Facil de usar y practico que tenga dos parrillas.
La verdad muy buena estoy empezando a usarla y hasta ahorita todo excelente :).
"Buen producto, hasta ahorita ha funcionado muy bien, la capacidad de los compartimentos menor a lo que esperaba pero en general bien."
En menos de un a√±o esta fallando.
"Cocinas rapid√≠simo alimentos que ensuciar√≠an tu parrilla, es f√°cil de lavar, s√∫per bien para no consumir tanto aceite."
"Ha superado mis expectativas, el precio fue muy bueno, tengo como 2 semanas us√°ndolo y me ha parecido una compra excelente, espero siga as√≠. A est√°s alturas ya he usado casi todas las funciones, principalmente la de air fryer, pero la de horno y tostador tbn me han gustado, si es que se puede seguir√© actualizando mi rese√±a."
"Es un buen producto, ya lo use y le di mantenimiento y es f√°cil de usar, es de acero inoxidable comercial f√°cil de mantener con cuidados m√≠nimos, fr√≠e pollos en 30 minutos a 400grados y papas muy bien. Espero que dure mucho."
"El producto se observa de buena calidad y acabados, estar√≠a excelente si pudieran incluir un recetario."
"Me encant√≥, muy pr√°ctico y a muy buen precioüëå."
""
Muy buena opci√≥n econom√≠ca y buen tama√±o me encanto.
Muy pr√°ctico me gust√≥.
Excenteme encanto.
Muy bueno calidad en las piezas bien tama√±o comprar√≠a otro.
Muy buen producto.
Muy bueno es muy practico para usar y muy √∫til.
Me encant√≥ cumple mis expectativas.
"Me gust√≥ mucho, funciona muy bien."
"Tiene muy buena capacidad, la freidora de aire funciona bien y r√°pido.
Deja los nuggets perfectos.
Recomiendo."
"Es un muy buen producto, el tama√±o es bueno y entran recipientes de tama√±o medio, la cocci√≥n tambi√©n es muy buena y es muy vers√°til por sus diferentes modos."
"Buen producto, esta muy bonito, de buen tama√±o caben porciones para 3 o 4 personas. F√°cil de usar."
"Me gusta mucho. A√∫n me falta medir el consumo que genera, pero se me hace buena opci√≥n y tama√±o."
Llevo 6 meses de uso y estoy fascinada.
Todo excelente.
"Comple perfectamente si funci√≥n.
S√≥lo que si pones el taimer sin la temperatura tienes que dejar correrlo aunque no est√© trabajando la freidora."
La mejor compra que eh echo. F√°cil de usar. Esta grande como para hacer un pollo entero. La verdad est√° execelente. Y las kosas salen riqu√≠simas. Lo recomiendo al 100 por cierto. Calidad y funciona muy bien.
Exelente.
Todav√≠a no la estrenamos pero parece todo f√°cil y pr√°ctico y muy nesesaria.
Todo bien.
Llevo ya 9 meses con ella y la recomiendo pero ya bajo el precio as√≠ que est√° s√∫per bien y pr√°ctica.
"Muy bien, cumple su funcion muy bien."
""
"Lo probamos, para cocinar en navidad, no cabe un pavo, no es t√°n grande , pero funciona adecuadamente para cocinar porciones peque√±as. Esperemos ver el recibo de luz."
"Buen√≠sima inversi√≥n, todo hago ah√≠, pizza, pan, muffins, verduras, pescado, donas."
Es buen producto pero las bandejas se oxidan.
"Estoy encantada con mi horno. Muy f√°cil de usar, muy eficiente, bonito y el tama√±o perfecto."
"Excelente horno, cumpli√≥ todas is expectativas."
"Llevo un mes us√°ndolo y es justo lo que necesitaba y va funcionando muy bien, para evitar problemas hay que seguir las indicaciones de limpieza del manual."
"F√°cil y pr√°ctico de usar, la cocci√≥n es pareja."
"El horno est√° muy bonito y de buen tama√±o, trabaja muy bien, mejor de lo que pensaba, se hornea muy bonito el pan, es la primera vez que compro uno el√©ctrico, y me sorprendi√≥ su desempe√±o, sin duda una buena compra, adem√°s que oster es una marca que te da confianza y garantia."
Muy buen producto.
Me encant√≥ mi horno.
De muy buena calidad y funcionalidad.
Me gust√≥ mucho f√°cil de usar.
Me encanto ya lo estrene y es de lo mejor las cosas salen mucho m√°s r√°pido q en los hornos de las estufas es s√∫per r√°pido y pr√°ctico.
"Mi hijo ama usar el gordito haciendo sus panques.
Todo queda muy rico y r√°pido."
Por lo visto jala buena capacidad de luz.
La verdad esta super practica y f√°cil de manejar lo mejor es que me la regalo mi hija a si que pronto yo le comprare una para ella de esta marca pues es muy f√°cil de usar yo si la recomiendo.
Es excelente. Hab√≠a tenido otra freidora pero por mucho la supera esta.
Es muy f√°cil de usar y muy practico.
F√°cil de usar y entender el manual. Se limpia s√∫per f√°cil y si se tiene el debido cuidado no se maltrata. Gran capacidad.
Exelente en todos los sentidos completamente funcional.
"Naaa pues buena y bonita la estamos extrenando ,les recomiendo leean las instrucciones es importante y k agan el proxeso de curado por una ves esta bien."
"Un excelente producto para las personas que nos gustan la comida frita, pero sin tanta grasa o las verduras bien doraditas."
"Exelente menos uso de aceite y cocina bien, el precio es mejor que en tiendas f√≠sicas."
Linda y pr√°ctica. Pesa poco.
"Es bueno, pero el antiadherente no funciona tan bien, se pega mucho la comida."
"Freidora con buena capacidad y facil de usar, hace muy pr√°ctico tu d√≠a en apuros."
Esta muy bien √©l producto mu gusto mucho.
"Me encanto la tabla lateral con tiempos de cocci√≥n, es muy practica tenerla a la vista.
Canastilla espaciosa."
La mejor compra!.
Perfecto me encanta.
"Ideal para familias de 4 personas, es muy f√°cil de limpiar y de usar, resistente a golpes (mi ni√±o lo tiro una vez por accidente) y sigue funcionando bien."
Buen precio y funciona perfecto buen tama√±o.
"Excelente producto, le encant√≥ a mi esposa."
Es un producto bueno tiene una relaci√≥n precio lo malo es la capacidad pensar√≠a q 4 litros deber√≠a caber varias cosas y no ya que se ocupa espacio para la canasta que trai y reduce bastante el espacio para fre√≠r cosas todo lo dem√°s lo trae tal cual la descripci√≥n.
Buen producto ha estado funcionando perfecto.
Super bien.
Algo peque√±a para una familia 5 cinco.
"Sinceramente es muy buen opci√≥n, 10/10."
Justo lo que esperaba √∫til y pr√°ctica.
"Me precio exelente, es lo que esperaba."
Producto exelente.
Funcional y tama√±a para 2 a 3 personas.
"En lo personal lo quise usar para hacer comidas que son comunes en dietas y tambi√©n hacer las t√≠picas papas a la francesa, pero simplemente no produce un resultado muy rico (por no decir p√©simo )."
"Para el precio esta muy bien, solo que la potencia que tiene es insuficiente, para hacer 500 gr de patatas fritas tarda de 40-50 minutos."
Justo lo que esperaba. Gracias.
"Me gust√≥ mucho, es f√°cil de usar y limpiar, es grande. Si la recomiendo."
"Este producto lo recomiendo ampliamente, cumple al 100% las expectativas."
"Excelente, las papas quedan riquisimas, excelente producto, super recomendado."
"Definitivamente indispensable en la cocina, no s√≥lo por la rapidez con la que preparas tus comidas sino tambi√©n por lo simple y limpio que se hace cocinar."
"Bueno,."
M√°s que genial muy √∫til y de gran calidad.
"Excelente me encanto mi comida o mis frituras ya no salen grasosas, las papas salen doraditas."
"Muy buen producto, ojo a la comida que metas, ser√° bueno rociarle un poco de aceite en spray, cocina super bien estoy satisfecho, sin embargo debo decir que el producto debe de estar en un lugar donde tenga buena ventilaci√≥n ya que se calienta mucho, pero es entendible para el producto que es."
La freidora me gust√≥ mucho cumple con todas sus funciones.
""
Es de buen tama√±o.
Muy buena compra.
S√∫per precio y calidad.
F√°cil de usar y funciona s√∫per bien.
"Cumple perfectamente con sus funciones y es muy f√°cil de limpiar, tiene el tama√±o perfecto y no hace ruido al estar cocinando los alimentos, la recomiendo, hasta ahora ah funcionado bien."
Muy bueno.
"Completamente satisfecha con el producto, ya llevo varios d√≠as us√°ndolo y es f√°cil de usar y vienen instrucciones y sus cuidados, lo recomiendo."
"Me gust√≥, hasta horita a cumplido bien."
"Es un buen producto un precio razonable y muy facil de usar, con muy buena capacidat, excelente."
"Vale lo que pagas por el, solo tiene un detalles para poder tener mejor preparaci√≥n con tus platillos precali√©ntala 10 min y listo de ah√≠ en fuera muy buen producto vale la pena."
Es muy practica me encanta.
"Pens√© que iba a tener mucha m√°s capacidad que la chiquita que ya ten√≠a y no es demasiada la diferencia. De la pantalla, la luz de encendido se le descompuso a los 3 meses de uso."
Excelente producto.
Excelente producto!.
"De excelente calidad, f√°cil de usar, para mis necesidades es excelente en tama√±o ya que somos una familia de 3 integrantes y la utiliz√≥ con cantidades peque√±as."
Excelente.
"Estamos encantados con el producto, sobretodo poder reducir el consumo de aceite."
Lo mejor de lo mejor. Bueno bonito y barato.
Excelente.
Excelente producto y en muy buena calidad.
"Muy buena en calidad y precio, excelente operaci√≥n."
"Mi fav por siempre, puedo hacer infinidad de cosas."
"Fant√°stica freidora me encant√≥, hace la funci√≥n de olla express moderna (mucho m√°s q eso) y como freidora de aire una maravilla, muy r√°pida lo √∫nico es que no tra√≠a el manual üôÑ pero la recomiendo mucho!!."
"Tengo poco de usarla, pero estoy encantada, no es como otras freidoras que si haces empanizados o papas fritas quedan mal como secas como raras, esta las deja super deliciosas, crujientes, simplemente estoy fascinada, no soy de opinar sobre los productos que compro, pero en esta ocasi√≥n lo tenia que hacer, super recomendable."
"Incre√≠ble me encant√≥ y lo uso diario!.
Solo no trae recetario ni tiempos."
"El producto es un 10, solo que lo viene en la caja original y tampoco trae el manual.
Se batalla un buen, en poder determinar el tiempo, necesitas ver tutoriales o ayudarte ia para poder usarla adecuadamente. Honestamente si manuales y volver a experimentar esto, no la comprar√≠a.
Funciona bien, a√∫n la ninja speedi."
"Aunque no viene en su caja original, el producto es nuevo y me ha funcionado de maravilla."
Me facilito la vida!.
Excelente producto ahorra mucho tiempo al cocinar.
"F√°cil de usar, coche muy bien la comida, muy pr√°ctico. En una palabra excelente!!!!!."
Exelente en todo aspecto.
La amo !! es buena y pr√°ctica.
"Fue una gran compra, muy verdadero, ahora puedo seguir las recetas de una manera mucho mas sencilla."
La amo nunca te vas a arrepentir de comprarla.
"Excelente producto, cumple ampliamente las expectativas."
"La amo, es genial y ha funcionado super bien. Para usarla si es necesario leer el instructivo porque tiene muchos modos distintos para usar."
"Excelente solo que no trae instructivo, pero en youtube encuentras como usarla.
Muy funcional."
"Excelente, muy buenas condiciones, solo que consume mucha energia."
"Es una maravilla, me ahorra mucho tiempo para cocinar ya que puedo dejarla cocinando y hacer otra cosa en ese tiempo y lo mejor es que sin aceite y todo lo que sea saludable es bienvenido,. Muy f√°cil de usar y de limpiar."
"Cumple con todo lo que se especifica, excelente producto."
Bueno.
"Producto muy bueno, es f√°cil de usar y es pr√°ctico."
Hasta ahorita ha funcionado de maravilla.
"Simple de usar y muy buena calidad, ademas de un tamano perfecto para cocinar para la familia entera."
"Fascinada con la compra que realice!, me sorprendi√≥ mucho, es muy f√°cil de usar y su dise√±o me encanto!."
Excelente.
Una chulada.
Excelente producto muy facil de usar.
Funciona bastante bien.
"Muy practica y hace que todo sea muy sencillo y f√°cil de entender, muy recomendable."
Muy buen prodcuto lo recomiendo.
"Excelente freidora, hace que cocinar sea mucho mas rapido y facil."
Muy buena y econ√≥mica.
"Buen tama√±o, amplio. Al menos al primer uso el resultado fue muy bueno."
Excelente producto. Cumple con lo que dice y es de primer√≠sima calidad.
Excelente ya tengo varios meses us√°ndola y perfecta pr√°ctica sin ning√∫n problema.
Hasta el momento todo bien excelente calidad y tama√±o.
"Muy buena capacidad, calidad eficiencia, pr√°ctica y f√°cil de usar."
"Funciona muy bien, se usa muy facil, y se puede limpiar sin problema."
Esta genial trabaja super bien.
Es perfecta tengo con ella 6 meses y funciona muy bien.
"Es muy buena freidora, cocina muy r√°pido y casi no se utiliza aceites o grasas. Es muy f√°cil de usar y limpiar."
"My buen producto, tiene potencia y la capacidad deja cocinar varias cosas, adem√°s los accesorios incluidos son un buen plus."
Buen producto.
"S√∫per bien hasta el momento, funciona muy bien. La recomiendo!."
Excelente compra muy buena.
"Excelente, ya tengo m√°s de una semana con ella, he echo papas, pollo y cupcakes üëåüèº."
Vastante amplia f√°cil de usar recomiendo ver manual todo bien üëç.
La amo.
Excelente.
"Excelente, funciona perfectamente."
Muy bueno y economico.
"Excelente producto, recomendable."
Muy buen producto! la comida queda muy deliciosa.
"Es bastante amplia, pr√°ctica y funcional para una familia de 4 personas o m√°s, tiene un buen desempe√±o, la velocidad y calidad de cocci√≥n es buena."
"Trabaja muy bien. Buena calidad.
Recomendable."
"Hasta el momento me ha sido muy funcional, eh realizado much√≠simas cosas de comer y todo ha salido excelente.
Es verdad que las primeras veces de uso, la freidora desprende un olor muy particular, pero con el uso disminuye."
Muy buen producto 100 por ciento recomendado.
Muy bueno.
Es muy pr√°ctico me gusta mucho.
"Excelente producto y compacto, ayuda mucho al momento de cocinar m√°s sano."
"Cumpli√≥ mis expectativas, funciona muuuyyy bien."
"Desgraciadamente mi experiencia no fue buena, creo que tal vez era buena, pero no pude usarla bien, me toc√≥ una que le serv√≠a un caj√≥n y el otro no, no tuve problemas para regresarla, pero no puedo decir que funcion√≥."
"Es precioso, el tama√±o es bueno y al momento de cocer la comida es r√°pido y sin grasa, me encant√≥!."
""
Esta muy bonito y es muy f√°cil de utilizar. Pens√© que iba hacer muy grande pero el tama√±o qued√≥ perfecto para dos personas. Me gust√≥ mucho.
"Es una maravilla, ahorras tiempo, espacio y aceite, super genial."
Muy pr√°ctico.
Excelente producto.
Hermosoooo me encant√≥.
"Excelente para honear.
Tostar fre√≠r con air fry.
Gracias üôÇ."
Este producto cumpli√≥ mis expectativas al 100/100.
Perfecto.
"Es perfecto, muy buenos acabados, se ve un producto de calidad y funciona muy bien."
"Es excelente el producto, te lo recomiendo si t√∫ familia es de 4 miembros o m√°s."
"Todo bien con el producto, ten√≠a excelentes rese√±as previas de conocidos que tienen esta freidora y, hasta ahora cumple completamente nuestras expectativas: gran capacidad, dise√±o de uso intuitivo, no tiene ninguna falla evidente. Hemos seguido varias recetas de internet y lo que hacen con distintas freidoras (de gamas m√°s altas) lo hemos podido replicar con esta.
El producto en s√≠ tiene 5 estrellas; califico con 4 por los siguientes motivos:.
1. El producto fue transportado en la caja-empaque de la freidora, es decir, no usaron una caja de ml ni, obviamente, pusieron protecci√≥n extra alguna como papel burbuja, bolsas con aire o, m√≠nimo, papel entre la caja-empaque del producto y la caja de transporte (porque no hubo caja de transporte). De tal manera que el producto viaj√≥ con mayor riesgo.
2. La caja-empaque de la freidora no estaba sellada, es decir, el sello estaba en la caja, sin embargo, ya hab√≠a sido violado. As√≠, pues, no podemos estar seguros (al menos en este caso particular) de que el producto sea completamente nuevo o de que fuera un producto de exhibici√≥n."
"Excelente, ya tengo varios meses con la freidora y la verdad es que es muy √∫til y de muy buena calidad, el consumo de la luz no me aument√≥ ni nada.
Y el tama√±o que elegimos es bueno para 2 personas."
"Me gust√≥ muchoüòç, aunque a√∫n no se de cuanto me va a llegar el recibo de luz üòÖ."
Es una maravilla. La caja venia en perfectas condiciones y venia super protegida. La recomiendo ampliamente es la mejor de entre todas las marcasüëçüèª.
Me encanto tiene mucha capacidad y es muy practica.
Me encanto es como la espera a.
Excelente tama√±o y de buen material üëå.
Me encant√≥ es un producto muy bueno aparte que trae manual d√≥nde te explica el tiempo de cocci√≥n para cada alimento.
"Simple y sencillamente excelente, no hay m√°s q decir, felicidades a quin la adquiera y a quien la provee."
Se lo compr√© a mis pap√°s de navidad y 3 meses despues siguen encantados.
Me encantocumple con mis necesidades viene con lo que dicen lo recomiendo.
Bastante bueno y a√∫n precio accesible.
"Excelente producto la vdd demasiado perfecto, buen precio y lo mejor de todo muy grande, la usamos casi para todo, la recomiendo 100%."
"Excelente producto, capacidad, f√°cil d usar, f√°cil d limpiar, elegancia luce muy bonita. Se cocina s√∫per r√°pido. Cocine filete de muslos d pollo en la acci√≥n alitas. Se cocinaron super ricas, jugosas ,s√∫per suaves bien bien cocidas, no le puse nada d aceite ,se cocinaron en su propia grasa, yo compr√© los cilicones especiales para freidoras y sobre esas e cocinado mis carnes. Super recomendado. Comprar√© m√°s para regalo. Gracias."
"Excelente producto üëå,una maravilla para la cocina de hoy ,r√°pido, f√°cil de usar y de limpiar. Recomiendo. üëçüòç."
Bueno y funcional.
"Realmente muy buena, vale completamente la pena, al poder hacer 2 comidas a la vez."
Bien.
Exce.
Excelente producto.
No lo rec9miend9 del todo h√∫meda demasiado y en ocasiones no se cogen l9s alimentos por m√°s tiempo que se le ponga.
Excelente horno muy f√°cil de usar.
"Me enga√±aron , ense√±an el grande y mandaron el chico."
Consume much√≠sima energ√≠a.
Me encant√≥.
"Ya tengo un a√±o con el producto y ha salido muy bueno, ningun desgaste en el performance."
"La freidora venia defectuosa, no la pude usar ni una sola vez."
"Lo que no me agrado es que no llega con su empaque original üòû,, y la informaci√≥n del manual est√° en ingl√©s üôÑ pero en funci√≥n todo bien!!!."
"Quede 15 de 10 me encant√≥, mi primer comida es la de las foto y quedo mmmmm riqu√≠simo el sabor, la textura, üòãü§§üëåüèºüòçüôä.
No importa si no tiene caja original o es remanofacturada, es una de las mejores compras que he realizado."
"Me enamoro,la verdad muy pr√°ctica. Me ahorra mucho trabajo y tiempo. Muy recomendable."
"Estoy contenta con el producto, la he usado para fre√≠r milanesas, cocer pollo me ha encantado ya qu√© el consumo de aceite es m√≠nimo las deja doraditas y cocidas, ha llenado mis espectativas."
"Lo agarre de oferta abajo de 2 mil, ya hice un par de caldos de pollo y todo queda excelente, la capacidad da para hacer un kilo entero de frijoles charros pintos (eso s√≠, casi sin caldo) y si los dejas una hora en agua tibia ya solo requieres media hora de cocci√≥n).
Toma un tiempo extra en precalentado y luego en liberar la presi√≥n pero es ""fed it and forget it"" as√≠ que te pones a hacer lo tuyo mientras tanto.
Espero el fin para probarlo como freidora, y probar unas recetas que he visto que haces varios guisos la comida usando la parrilla.
Para una familia peque√±a es m√°s que suficiente, recuerden siempre tener el debido respeto de confirmar que haya liberado la presi√≥n, abrirlo por d√≥nde indica y usar guantes adecuados para obtener el cazo.
No he probado la opci√≥n de limpieza con vapor pero realmente no se ensucia como una olla express convencional, y aunque me es raro que baile un poco (as√≠ es), el seguro de presi√≥n funciona perfectamente y se siente mucho m√°s seguro."
Muy buena recomendada totalmente. Ven√≠a como nueva sin ning√∫n detalle. √önicamente sin caja original pero cosa que ya sabia.
"Buen producto, buenas calidad. Punto negativo. Instructivo viene en ingl√©s, as√≠ como el recetario. Tuve que estar viendo muchos videos en youtube para entender c√≥mo funciona. Pero la olla cumple muy bien si funci√≥n. 10/10."
La amo espero me dure mucho tiempo.
Ya casi medio a√±o y todo excelente.
"S√∫per compra, estoy muy contenta con el resultado y como disminuy√≥ mi tiempo en la cocina."
"Lo unico es que lei en las preguntas y decian que era de 6lts, sin embargo es de 4 lts (funcionales), lo dem√°s excelente."
Excelente recomiendo.
Re acondicionada‚Ä¶ pero funciona!.
"Hasta ahorita muy bien, este modelo lo compr√© porque es la mejor freidora en esta capacidad seg√∫n la profeco."
"Excelente freidora, muy silenciosa y f√°cil de limpiar. Lo √∫nico que no me gust√≥ es que por ser roja su precio es m√°s alto que la gris ü•≤."
"Todo bien en cuanto a las funciones que brinda el producto, pero no se puede usar en lapsos cortos como de 1-5 min, se apaga y sigue sonando el cron√≥metro, a veces se apaga de la nada."
Es s√∫per simple y funciona muy bien.
Excelente calidad!!! no duden en comprar.
Excelente.
"El producto ven√≠a con bastante polvo y telara√±a, adem√°s no ven√≠a sellado el paquete."
Excelente freidora de las mejores marcas para cocina.
Excelente producto.
Excelente.
"De muy buena calidad, la usamos todo el tiempo, facilita la preparacion de las comida.
Y puedes hacer muchas recetas.
Super recomendada."
Es muy pr√°ctico cuando tienes poco tiempo para hacer alg√∫n alimento 100% recomendado.
Exelente compra.
10/10‚úÖ.
Me gusto.
"Exelente producto, f√°cil de usar, la comida y los cortes de carne salen deliciosos."
Excelente.
Exelente.
Fue para un regalo.
"La caja ven√≠a rota y la m√°quina sucia y el pl√°stico est√° da√±ado. Nunca hab√≠a tenido detalles en compras hasta el d√≠a de hoy. Ojo para los que vayan a adquirirla, no la recomiendo. No parece nueva, sino reacondicionada."
No era nueva.
El producto es reacondicionado y se anuncia como nuevo.
"Antes de comprarla busque informaci√≥n sobre el producto y los comentarios de profeco fueron excelentes sobre esta marca y modelo. Les comparto algunas fotos con objetos dentro para que dimensionen el espacio interior, espero les sea ultil."
"En realidad la compre para mi casa de descanso y ha cumplido con mis necesidades digamos solo ‚Äúbien‚Äù (entiendo que es peque√±a por lo que tarda m√°s que si fuese una de mayor capacidad, caben 2 piezas muslos de pollo grandes, la he usado para cocinar en aluminio verduras al vapor y para porciones peque√±as muy bien aunque repito por ser peque√±a tarda el doble de tiempo que una grande)."
Excelente calidad.
"Excelente para hacer alimentos tipo a la parrilla, la verdad lo recomiendo."
Calidad precio perfecto.
Gasta mucha energ√≠a.
La compr√© ya que profeco la recomienda y la verdad es que no se equivoca. Muy muy buena.
Esta genial.
"Excelente, lo que buscaba."
"Precio calidad realmente buenos. Es peque√±a, para 1-2 personas es suficiente. :) muy satisfecha."
Muy pr√°ctica y f√°cil de usar.
F√°cil de usar y cumple.
Lo que he cocinado esta perfecto.
El tiempo de cocci√≥n es muy bueno. Lo recomiendo mucho. ‚ù§Ô∏è.
"No trae gu√≠a de uso, ni manual o instructivo."
"Muy buena, resistente, pesada. Papitas a la francesa congeladas quedaron bien a la mitad de tiempo. Pollo qued√≥ muy bien, costillitas de cerdo muy buenas. Sobre todo no se ensucia la cocina por salpicaduras de aceite."
Buen producto.
"Amplia, silenciosa, buena calidad, bonita. Tan buena es que regal√© una igual. 10/10."
"Excelente , la mejor compra, y f√°cil de usar."
Excelente producto para el costo.
Seve bueno.
"Hice unas papas a la francesa, las primeras me salieron muy doradas. Las segundas me salieron perfectas. Lo mejor de todo sin una gota de aceite!."
"Me encanta, creo es una de las mejores, ten√≠a mis dudas pero fabuloso electrodom√©stico, he preparado alitas y quedan fant√°sticas."
Lo que buscaba.
"Encantada con esta freidora, muy f√°cil de usar, me gusta que puedo cambiar entre grados farenheit y centigrados muy f√°cil. La recomiendo. Aparte es muy bonita y luce mucho en mi cocina."
"Super recomendable, todo perfecto!."
Excelente y trabaja en el tiempo que especifica.
"La caja ven√≠a un poco da√±ada, pero viene con protecci√≥n la freidora, adem√°s de que visualmente est√° hermosa, es bastante amplia, simplemente me fascin√≥ en todo sentido ü•∫ü•∞ü•∞ü•∞üò≠üò≠ es la mejor compra que he hecho, muchas gracias."
Maaa muy bonito y a empezar a tragar sin aceite.
"Exelente producto, es muy bonita y es m√°s grande de lo que se ve, gran capacidad. Me encanto!!!!."
Buen material muy amplio se ve elegante color padre recomiendo mucho.
"Muy √∫til, me hubiera gustado en color negro/plata pero me gust√≥."
Excelente producto cumple su trabajo.
Funciona bien solo que tarda bastante en fre√≠r la comida como las papas tarda aprox 20 min y no quedan tan crujientes.
Muy buena es muy √∫til me gust√≥ mucho.
Muy buena la recomiendo.
"Me cost√≥ averiguar c√≥mo se encend√≠a y la temperatura es en ¬∞f, eso s√≠ es de buen material."
La charola es amplia.
De excelente calidad y muy practico de usar.
Me encant√≥.
"F√°cil de usar y de limpiar, la comida queda muy bien, se puede usar con o sin la app."
Buen art√≠culo con un buen dise√±o.
"Excelente producto, la mejor marca que hay en el mundo."
"Excelente producto, gran calidad a buen precio y muy elegante, lo recomiendo."
Excelente producto.
"Muy buen producto, lo recomiendo."
"Buen tama√±o para el precio, cumple muy bien su funci√≥n."
"El primer d√≠a me doro mi pan excelente y qued√≥ crujiente, ese mismo d√≠a calent√© unos nuggets de pollo y tardo bastante y quedaron unos m√°s dorados que otros, a la semana de que lo compr√© definitivamente no doro mis nuggets como la primera vez que la use.
Espero que para la pr√≥xima vez que la utilice me funcione bien como la primera vez. Sino ya estar√© dando de nuevo mi opini√≥n üòä."
"Funciona bien, lo √∫nico que le hace falta es un bot√≥n de apagado prematuro. Si la tienes trabajando y tu comida ya qued√≥ necesitas forzar la perilla del crob√≥metro.
Para que llegue a cero y se apague."
"Despu√©s de buscar algunas rese√±as estaba buscando una freidora de precio medio y esta cubri√≥ mis necesidades (adem√°s la quer√≠a en color rojo y son de las pocas que encontr√© con estas caracter√≠sticas).
Me ha servido bastante y cumple perfecto con lo que promete."
"Excelente calidad vs precio, muy bonito color."
Exelente me encant√≥ no usas nada de aceite.
Super me encanto.
Excelente.
"Esta muy bonita, f√°cil de lavar, f√°cil de usar y la charola est√° grande cabe un pollo entero. Recomendadisima."
Este muy bonita y exelente producto qued√© encantada ya la use y cumple muy bien su funci√≥n ‚ò∫Ô∏è.
Excelente üëåüèª.
Muy pr√°ctica y por el precio excelente producto la volver√≠a a comprar.
"Es una excelente freidora de aire, llevo 2 meses us√°ndola frecuentemente y todo muy bien cumple con su funci√≥n, es excelente para fre√≠r alitas sin aceite 10/10."
La mejor inversi√≥n que puede hacer me gusta mucho.
Buen producto sin queja todo bien hasta ahora y viene un recetario incluido en ingl√©s pero √∫til y al final tiempo de los alimentos que puedes meter.
Excelente!!.
Muy contento con el producto.
"Me encant√≥, la mejor inversi√≥n."
Esta s√∫per bien y sobre todo a buen precio !!.
Es muy pr√°ctica y su cocci√≥n es potente es una muy buena freidora de verdad la recomiendo.
Excelente üëå.
"Hice unas croquetas de carne molida sin una gota de aceite, salieron deliciosas y en poco tiempo, la recomiendo ampliamente!."
"Malo, no tiene la funcion coml lo anuncian.
Engs√±o totsl y virne tots jns parte."
"Funciona y cumple pero es como para una sola persona o dos es decir la capacidad es reducida, solo le caben dos sandwich por ejemplo o dos quesadillas en la parrilla de arriba y en la del hornito est√° un poquito mas amplio pero igual est√° reducido, la cafetera la siento muy pero muy fr√°gil y hay que tener cuidado si la usas llena ya que al servirte el mango de la jarrita se safa estuvo a punto de caerse la primera vez que la us√© el mango cuando la incline pata servirme este se saf√≥ y si no fuera por mis reflejos este habr√≠a ca√≠do y roto en pedazos, eso s√≠ ojo te puedes quemar si de repente se te safa al intentar sostenerla a mi me pas√≥ pero no fue tan grave, por lo dem√°s si sirve como para una emergencia llevarla al trabajo pero si la pretendes usar como para una familia grande mmmm no te va dar a basto es m√°s como individual o m√°ximo dos personas que de hecho la jarrita de caf√© rinde para dos tasas en cada preparacion con el tanquecito de agua lleno."
"Uma vez que aprendes a manejar bien las temperaturas y los tiempos todo queda muy bien (excepto las verduras, esas recomiendo no hacerlas ah√≠) todo lo dem√°s fant√°stico, recomiendo tambi√©n comprar paquetes de papeles encerados, ayudan bastante con su funcionamiento."
Me gust√≥ muy pr√°ctica y funciona a todo dar.
"Buen producto, la utilizo para preparar pap√°s y su cocci√≥n es uniforme."
"Muy buen producto, funciona muy bien hasta la fecha sin problema."
Pr√°ctica y f√°cil de lavar y de usar.
Para dos personas est√° s√∫per.
Mi freidora es una opci√≥n m√°s saludable para cocinar sin tanta grasa.
Derrepente el bot√≥n de ensendido se traba.
Una semana de uso y ya no funciona.
"Al inicio todo bien y despu√©s de 5 semanas el ventilador no funciona, no cocina los alimentos y ya no la pude devolver."
Es un buen producto recomendable üëå.
Lo malo que me sali√≥ defectuoso pero sin ning√∫n problema me regresaron el dinero de inmediato.
Es justo lo que mi esposa quer√≠a le encanto.
"Es s√∫per buena compra, hay que hacer prueba y error para hallarle a lo que no viene predeterminado, pero me encant√≥!!!."
"Est√° muy bien, el √∫nico problema es el tiempo de cocci√≥n, que tal vez se solucione si tuviera mayor potencia."
Incluye un instructivo de cuidados y de c√≥mo encenderla por primera vez pero no indica nada al respecto de los programas predeterminados.
"Excelente, tiene amplia capacidad, el color combina muy bien con la cocina. El instructivo no es tan detallado, pero con conectarla y meter la bandeja se enciende la pantalla y te permite seleccionar temperatura y tiempo de cocci√≥n."
"Esta s√∫per hermosa, pr√°ctica y como dice en la descripci√≥n."
Exelente.
Excelente producto precio fenomenal.
Muy bien gracias.
Muy facil y practico de usar.
Un producto exelente f√°cil de usar muy pr√°ctico un precio accesible preparo mis comidas sin grasa me encanta.
Muy bueno.
"Excelente producto, buena capacidad."
"Muy bueno, si saven usar los grados y minutos ala comida que se har√°n."
Excelente producto.
"La mejor compra que he hecho, facil de usar, f√°cil de lavar, no se le pega nada, me tardo mucho menos en preparar comida y sin grasa. 10/10, si tienen la oportunidad de comprarla tomenla, no se arrepentir√°n. Y lo dice una persona que es muy dif√≠cil de convencer."
"Excelente producto! me anim√© a comprarla por los buenos comentarios y no me arrepiento hasta el momento. Recomendaci√≥n: del tiempo estipulado para cada comida, darle la mitad y voltear la, si es necesario, sino puede que con la mitad del tiempo algunos alimentos queden listos!!. Hasta el momento he hecho papas a la francesa y tacos dorados."
Muy bien. En lo personal lo recomiendo. Mi esposa cocina casi todo ah√≠. Desde que nos lleg√≥. Todo limpio y sabroso! ahora hay que esperar el recibo de la luz. Jajajaja. Est√° s√∫per. Nota compra la freidora de botones. Eh escuchado malas referencias de las digitales. Va.
"La ame , ten√≠a mis dudas pero wow si que es buena y me alivio la vida, es grande, me gusta que la canasta se desmonta completa para lavarla , las alitas en 25min est√°n, pap√°s 20 a 25 , pollo 30min , la tome en oferta y de verdad que esta super buena, ten√≠a unos chorizos en el congelador los puse 20 min y quedaron cocinados, no se si a otros no le a gustado pero a mi me encanto es buena y a buen precio."
"Funciona perfecto y ha hecho cambio en mi salud desde que la estren√©. Hay que calcular tiempo, por que no son tal cual como indica su manual o su iconograf√≠a, todo var√≠a."
"Muy bueno, ten√≠a mis reservas, pues no hay muchos comentarios sobre su uso, as√≠ que estuve probando y ¬°es excelente! tal vez el tama√±o es muy justo para las hamburguesas que hago, pero lo tendr√© en cuenta para m√≠ pr√≥xima compra.
He preparado, papas a la francesa, hamburguesas, hot wings, filetes de pescado y de pollo, camarones y pizzas de berenjena (¬°quedan deliciosas!).
He ""recalentado"" pastas y pan.
Para m√≠, es de las mejores compras que he hecho. Lo recomiendo ampliamente.
¬øsaben qu√©? ¬°no tengan miedo de experimentar, a lo mejor la primera vez no sale perfecto (lo que no me ocurri√≥ m√°s que con algunas cosas), pero con la pr√°ctica y ""ajuste de tiempos"" ¬°todo quedar√° a su gusto!."
"Reci√©n la recib√≠, pero hasta ahora cumpli√≥ mis expectativas, hice unas papas en gajo y quedaron deli!! espero que no falle, se ve bien y es f√°cil de usar adem√°s no pesa nada. S√≠ es tu primera freidora de aire creo que est√° es una muy buena opci√≥n para comenzar a experimentar."
"Es muy f√°cil de usar, ya hab√≠a comprado una hace 3 a√±os y ahora se la compre a mi mam√°, la m√≠a de la misma marca sigue funcionando al 100."
Me encanto!!! sirve para preparar todo tipo de alimentos sin grasa y en pocos minutos. Es s√∫per f√°cil de manejar.
Tiene buen tama√±o a√∫n que solo la he ocupado para hacer papas no se pueden meter m√°s de 3/4 por qu√© si no quedan algunas crudas. Necesito investigar que m√°s se puede hacer en ella.
"Excelente producto, muy buen tama√±o y de buena calidad."
"Est√° bien, cumple con lo que promete, y por el precio es una buena opci√≥n, sim embargo, obviamente tiene sus puntos malos, como por ejemplo, si quieres usar la freidora sin la charola escurridora debes quitarla usando un destornillador (que es muy poco pr√°ctico), tambi√©n la freidora solo cocina por la parte de arriba (por lo que debes estar moviendo lo que est√©s cocinando o quedar√° crudo de abajo), y cuando sacas tu comida lista no puedes apagar la freidora manualmente amenos que la desconectes, si vuelves a meter la canasta seguir√° funcionando, a√∫n no he notado cambios en el consumo de energ√≠a, pero que no te sorprenda que el recibo de luz suba un poco, a√∫n con todo lo anterior, reafirm√≥ que est√° bien para su precio, pero esas desventajas deben tomarse en cuenta antes de comprarla."
"Lleguo a muy buen tiempo y es muy √∫til, adem√°s no note un alza en el costo de la electricidad."
Excelente opci√≥n bien precio y funciona muuuy bien ya la he usado en varias ocasiones y todo queda perfecto la verdad me encanto y de excelente calidad.
Hasta el momento muy bien. Aunque es recomendable revisar la cocci√≥n de los alimentos antes de que se acabe el tiempo para evitar que se vayan a quemar.
Excelente chulada producto.
"Fue un regalo, y qui√©n lo recibi√≥ hoy la estren√≥ y qued√≥ muy contenta."
Muy practica y tama√±o ‚Äúcompacto ‚Äú mo tiene gran capacidad pero para el uso qje le doy quedo perfecta.
Bueno para mis necesidades y con relaci√≥n al precio tambi√©n.
"Buen producto como tu primer freidora, al principio huele a plastico caliente pero despu√©s de 2 o 3 usos,se le quita el olor. Es peque√±a la capacidad, pero para aprender a usarla y dominar las recetas est√° perfecta. Buena relaci√≥n calidad-precio."
Excelente producto! me ha encantado lo f√°cil que es cocinar en ella.
"Muy buen producto, cumpli√≥ con mis expectativas."
Excelente. Justo lo que deseaba. Y sobre todo muy buen precio.
Me encant√≥ todo de √©l solo lo aue molesta un poco es que enmedio tiene una aventura en medio donde se juntan las puertitas del horno y hace que se salga un poco el calor de ah√≠ en fuera esta todo bien.
Me gust√≥ mucho. Ahorro tiempo en cocinar.
Excelente.
"Excelente precio, no es complicado, muy funcional, ahorrador de energ√≠a y por sus caracter√≠sticas energ√©ticas protege la instalaci√≥n el√©ctrica sin hacer modificaciones a la misma."
Super practica y f√°cil de usar.
"Para mis necesidades est√° chico, es un horno chico."
Esta genial las alitas quedan super listas en menos de 10 min y tambi√©n tostamos pan en 2min.
"Regalo para mi hija y ya lo uso. Tal t como se describe, algo excepcional, ideal para las chicas que inician una vida en pareja, son m√°s pr√°cticas en todo y este horno le encant√≥."
"Me gusto mucho, funciona muy bien, solo si van a poner alimentos en las dos parrillas y una hasta arriba estarla checando por qu√© se dora un poco m√°s r√°pido."
Excelente producto. Me gust√≥ mucho por las funciones que tiene. Todo coincide tal cual la descripci√≥n. Muy recomendable.
"Tiene buen tama√±o, ya hice pollo ,boneless, galletas, y choco flan ,muy f√°cil y r√°pido me encanto üß°."
Producto nuevo.
Excelente producto.
"De excelente calidad muy facil para operar, quiz√° para mis necesidades un poco chico, pero tiene buen tama√±o para 4 personas."
Muy buen producto 100% funcional.
Apenas lo probar√©.
"Muy linda, trabaja muy bien y se limpio super f√°cil."
"Est√° divino, lo estren√© haciendo un pan de elote, solo lo prend√≠, puse el tiempo predeterminado de hornear y listo!."
Me encant√≥;!.
"Nos encanto muy buen electrodom√©stico, de momento encantado con el."
Muy f√°cil de usar cumple muy bien las funciones pude cocinar un pollo en 15 min sin aceite trae bastantes aditamentos que quedan perfectos para lo que se vaya a ocupar lo recomiendo mucho.
Bonito y buen producto.
Dejo de funcionar a la 3 ocasi√≥n y no quiso hacer devoluci√≥n.
Excelente producto buen precio y f√°cil de usar.
"Todo excelente, lo √∫nico que la gu√≠a del men√∫ viene en grados fareheit."
Es excelente y tiene m√°s potencia que la foodie solo que no trae para cocinar a presi√≥n.
Muy bonita tal cual y funciona en cantada.
"Muy buena en calidad y precio, excelente operaci√≥n."
Es muy f√°cil de usar.
Excelente calidad.
El producto est√° excelente.
"Excelente producto, muchas funciones."
"Todo bien a excepci√≥n de la charola de goteo que desde el primer d√≠a se le despeg√≥ la pintura, adem√°s no ven√≠a instructivo ni garant√≠a."
"Esta genial, me encanto como queda la comida all√≠ üíúüíú."
En lo que lo e calado a funcionado muy bien.
Es perfecto para mis necesidades muy bueno lo recomiendo.
De mucha utilidad.
"Esta muy buena solo que charola antihaderente se desprende muy r√°pido ( se cae el recubrimiento), de ah√≠ en fuera la freidora cumple con su prop√≥sito. Me gust√≥."
Hasta ahorita bien. Llevo un mes.
"No incluye instructivo ni garant√≠a, el pl√°stico se ve de muy mala calidad, me da la impresion de ser un art√≠culo reensamblado, el rosticero se atoro y por eso lo devolv√≠."
Bueno.
"Me encant√≥, yo vivo sola as√≠ que el tama√±o es perfecto para m√≠, funciona muy bien y es f√°cil de usar :).
Importante: es peque√±a, la recomiendo si vas a cocinar para 1 o 2 personas m√°ximo."
Es excelente cuando quieres porciones peque√±as.
Muy pr√°ctica por el tama√±o.
Es una maravilla para quien quiere cocinar m√°s sano.
Muy bonito color pr√°ctica y muy √∫til.
"Es muy linda, de un color beige, de plastico duro, acorde al precio, me parecio super ligera, no pesa nada, parece de juguete jajaja‚Ä¶ el menu de arriba es sencillo, me gusto xq tiene ventana y puedes ver como va tu comida sin necesidad de estar abriendola, lo cual para mi es la mejor idea, comparada con otra que tengo me parece un poco mas lenta en cuanto a la cocci√≥n, con la otra gratino un mollete en 5 min y queda doradito y con esta toma minimo entre 8 y 10 min para que dore un poco el queso, pero funciona muy bien, es espaciosa, y como dije antes, la ventana un most!."
Muy bueno.
Excelente!!.
Es perfecto.
"S√∫per f√°cil de usar, lleva dos usadas.
Una con el horno y la otra con el tostador.
S√∫per practico, luce muy lindo, trae sus dos parrillas que son f√°ciles de quitar y limpiar.
Los alimentos los a dejado muy crujientes y ricos.
Me encanto! ‚ù§Ô∏è."
Bueno y calidad.
Excelente producto sin duda volveria a comprar vale mucho la pena yo estoy feliz con mi horno freidor.
""
Muy bueno y pr√°ctico.
Super ahorrador. Es una maravilla.
"Me encant√≥!!!!!!!!!.
Caben mis refractarios grandes y est√° bello.
Muchas gracias!!!!!."
Me encanta justo como lo describen.
Es muy ruidoso.
"Exelente freidora, f√°cil de utilizar, lo malo es que se tienen que comprar las ollas de de silic√≥n porque si se ensucia mucho."
"Pr√°ctico, lo eleg√≠ por la capacidad y tambi√©n porque tiene perillas. Vi en otras y touch que es lo que m√°s se descomponen."
"Excelente producto, mi mama la quer√≠a desde hace tiempo."
"Super √∫til, llevo 2 meses de usarla y esta super bien, es muy pr√°ctica."
Excelente todo el proceso y mucha profesionalidad.
"Es de buena calidad, vino sellada y bien protegida."
Muy buena.
√ötil y pr√°ctico.
"Excelente producto, bastante amplia y por ello ayuda a no usarla tanto tiempo y no consumir mucha energia."
"Super pr√°ctico. Lo amo!.
Puedo cocinar muchas cosas, flautas, empalizados, vegetales, cortes, huevos. Todo. Y sin una gota de grasa."
"Muy bonita. Dise√±o moderno y elegante, m√∫ltiples funciones. Me encant√≥."
Vomita y pr√°ctica me gusto no es com√∫n.
"Enga√±aron con las fotos del producto, ponen otro y te mandan algo diferente, te ofrecen el reembolso pero realmente el producto que uno compra es el que uno quiere no el ellos te mandan deber√≠an respetar lo que el cliente adquiere."
Muy pr√°ctica.
A menos de un mes de uso ya no funciona.
Hasta ahora todo bien ya preparamos alitas y papas y mi mujer muy agusto falta ver la calidad de materiales y esp√©remos dure mucho que por la marca podr√≠amos pensar que es garant√≠a de durabilidad!!!!.
Muy pr√°ctica y tal cual a la foto?.
"Hasta ahora me va super bien, he intentado usar las funciones y cada una me ha ido bien, lo recomiendo mucho por la calidad y el precio."
"Excelente, lo que te lo he usado hasta ahora muy bueno."
Muy buen producto puedo hacer muchos platillos y quedan muy sabrosos.
Buen producto.
Los materiales son de media calidad.
Exelente producto para cocinar.
Es un buen producto recomendado.
"Excelente producto,cumple con todo lo que dice üëå s√∫per recomendada."
"Excelente producto,precio calidad."
Es mi primer freidora de aire y estoy encantada con lo pr√°ctica de sus funciones.
No fue la de la imagen.
"F√°cil de usar y de limpiar, la comida queda muy bien, se puede usar con o sin la app."
Buen art√≠culo con un buen dise√±o.
"Excelente producto, la mejor marca que hay en el mundo."
"Excelente producto, gran calidad a buen precio y muy elegante, lo recomiendo."
"Es bueno, la papas fritas quedan muy ricas."
Es un poco peque√±a pero funciona excelente.
Mencanto recomendables.
Hasta el momento ha sido muy funcional y pr√°ctico!.
"Buen producto, muy funcional. Lo recomiendo!."
"Es excelente, solo hay que aprender a usar los tiempos y temperatura correctas, 10/10."
Incre√≠ble y muy practica. S√∫per recomendable.
"Muy bonito y elegante. Calidad y precio üèÜ.
27 cm de ancho.
32 cm de profundidad.
28 cm de alto.
Cubeta (medidas internas).
23 cm de ancho.
22 cm de profundidad.
12 cm de alto.
Excelente compra."
"Cumple con lo que pagas , nada extraordinario pero eso no quiere decir que no funcione bien , al contrario cumple cabalmente."
El abanico roza la parrilla en ocasionesy hace un ruido como de campana. Al girar hace un movimiento que no se si se debe a que est√° flojo o a que est√° torcida el aspa. No siempre lo hace.
Estupenda compra que hice. Estoy muy satisfecho de haberla adquirido. Sencilla de manejar.
100 % original. Altamente recomendable. Sin duda alguna. !!! 10 de 10üëçüèª muy potente.
"Lo recomiendo, muy bien todo."
Muy buena calidad muy f√°cil de usar.
"Muy buena relaci√≥n calidad precio, muy facil de usar, no gasta mucha luz, muy practica, muy recomendable."
"Es muy pr√°ctica, la compr√© para un regalo y la persona muy feliz con la freidora."
Funcional.
Muy buena la calidad aunque se consigue m√°s barato en tiendas.
"Cumple con las expectativas, aunque la capacidad es limitada."
Me gust√≥ y es amplia.
"Aun no he logrado hacer que las cosas me salgan bien, pero s√≥lo la he usado 2 veces, yo la veo pr√°ctica, eficiente y es tal cual lo que ofrecen, estoy muy contenta con ella."
"Excelente, de muy buen tama√±o y f√°cil de usar."
Excelente producto.
Me encant√≥ se las recomiendo.
"Si recomiendo esta freidora, muy buena."
Excelente compra!.
Excelente producto. Lo recomiendo.
Todo bien gracias.
"Me encant√≥, es f√°cil de usar, tiene gran capacidad."
Me gusta que tiene dos parrillas y accesorios.
"Fascinada con la preparaci√≥n , tan f√°cil , rico y sin aceites."
Buen producto.
"Muy funcional y cumple con las necesidades, excelente üíØ."
Muy bien producto.
"No se si realmente sea nueva, ya que no ven√≠a en la caja original.
Pero hasta orota la freidora funciona perfectamente."
"Es reconstruido, no es nuevo."
Excelente producto cumple su trabajo.
Funciona bien solo que tarda bastante en fre√≠r la comida como las papas tarda aprox 20 min y no quedan tan crujientes.
Muy buena es muy √∫til me gust√≥ mucho.
Muy buena la recomiendo.
"Me cost√≥ averiguar c√≥mo se encend√≠a y la temperatura es en ¬∞f, eso s√≠ es de buen material."
La charola es amplia.
Excelente producto cumple su trabajo.
Funciona bien solo que tarda bastante en fre√≠r la comida como las papas tarda aprox 20 min y no quedan tan crujientes.
Muy buena es muy √∫til me gust√≥ mucho.
Muy buena la recomiendo.
"Me cost√≥ averiguar c√≥mo se encend√≠a y la temperatura es en ¬∞f, eso s√≠ es de buen material."
La charola es amplia.
