"Llego en excelente estado, el √∫nico detalle es que la pantalla tra√≠a varias rayas pero se solucion√≥ con una mica y ya no se aprecia.
Adem√°s de eso la bater√≠a al 100% y todo funciona correctamente, cumple con lo descrito."
Llevo ya casi un mes con el tel√©fono me encanta la verdad llego con unos peque√±os rasgu√±os en las orillas pero nada q afecte y son peque√±os el estado de la bater√≠a llego al 89% pero tambi√©n es pasable para m√≠ en lo personal el color es precioso me encanta es un color amarillo pero es elegante no trae para poner memoria sim sino q utiliza la esim pero muy f√°cil de poner y como mi numero ya estaba en plan no tuve ning√∫n problema
"Equipo sin ning√∫n detalle o da√±o est√©tico, funcionamiento bueno, bater√≠a al 95%, el √∫nico detalle es que es e-sim y en M√©xico solo se maneja a trav√©s de plan de renta"
"NO LLEG√ì COMO ESPERABA. Revis√© bien las especificaciones, puesto que no quer√≠a errores con mi compra con ese monto que pagu√©, todo en orden, pero cuando lleg√≥ al iniciarlo y comenzar a enviarle mis datos de mi otro iphone, me di cuenta que ERA PRODUCTO eSIM !!
-No fue compatible hacer el traspaso de mi n√∫mero actual
-No fue posible trasnferirle todos mis datos del anterior al actual

Tuve que iniciar el celular desde cero, √∫nicamente con los datos del respaldo de icloud, no de transferencia de cel a cel (se pierde mucha informaci√≥n)

Tuve que comprar una renta mensual de telc*l porque solo adquiriendo ese paquete te activan la eSIM, y para ello, no me hicieron v√°lido continuar con mi mismo n√∫mero, me tuvieron que dar uno NUEVO el cu√°l no necesitaba, ni quer√≠a perder el anterior.

S√≠, el cel funciona, el precio es aceptable, pero considero deben de escribir toda la informaci√≥n para que los compradores tambi√©n consideren los gastos extras que esto puede generar y no solo eso, tambi√©n las afectaciones, por ejemplo, de perder cierta informaci√≥n o perder tu n√∫mero de tel√©fono actual!!

Insatisfecho con mi compra!!
Leer m√°s"
"Ten√≠a bastante de que tuviera alg√∫n detalle o problema, sin embargo, llevo con √©l un par de meses y ha funcionado maravillosamente. Solo ten√≠a un peque√±o rasgu√±o en la pantalla, de ah√≠ en fuera nada est√©tico."
"El dise√±o es elegante, funciona muy bien."
"El funcionamiento del equipo en general est√° bien, la bater√≠a est√° al 86% pero si viene muy maltratado, tiene todo el aro de alrededor golpeado y ven√≠a muy sucio, lleno de grasa y polvo, deber√≠an de poner m√°s atenci√≥n en eso, la verdad deja mucho que desear y no se hizo la devoluci√≥n porque es muy tedioso y tardado."
"El tel√©fono me lleg√≥ muy r√°pido, la verdad ten√≠a mis dudas pero me anim√© y no me arrepiento, √∫nicamente presenta algunos rayoncitos en el marco pero no son muy perceptibles y en cuanto a la pantalla y la parte trasera est√° impecable.
Llevo dos semanas us√°ndolo y no he tenido problema alguno, eso s√≠ como lo dice en la publicaci√≥n √∫nicamente acepta sim digital para que lo consideren.
Me lleg√≥ con 90% de pila (me hubiera gustado con un poco m√°s) pero hasta el momento todo funciona bien y me dura bastante la bater√≠a."
"iPhone is completely free of scratches, dents, nics, smudges, anything that would alter its appearance. Battery life is at 100%, and it works! Better option than buying off of Apple store."
OK great phone great condition but on the packing slip are start up directions that I suggest you read carefully. They look like fine print that cannot possibly be important but guess again. Would have saved me 3-4 hours had I read it first. This phone is a great buy. Very happy. Battery seems to be perfect. Looks new.
"I upgraded from an 11 and was skeptical to buy from this seller due to the many reviews about locked phones and returns. I'm glad I took the chance though because I got a brand-spankin' new phone for half the price. I got it a few months ago and still battery lasts two days or more depending and it was unlocked and perfect. It came with a charger cord and box and no scratches. I heard the return process was easy if you're looking to give it a try and get a cheaper nice new phone :D

Buy yellow its so bright a cute!!!"
Works like brand new very satisfied
"The iphone plus was in GREAT condition, it even came with a block and charger. Itvwas easy to transfer all my data onto. I thought i was going to go to my provider to have it unlocked but i didnt! Overall, the phone is great, the screen display is amazing, (great for watching movies) the camera kinda dragged, (meaning when u moved the camera to the left it would move like in slow motion but it was). Its a great phone and would definitley buy again or buy from amazon. It even came in a cute white box saying ‚Äúamazon renewed‚Äù ! The battery on the phone last a long time and the phone is bright even whenu turn it down. I highly recommend buying this iphone!"
Yo compr√© primero la funda roja y me gust√≥ sus materiales y por eso compr√© la transparente pero con 5 d√≠as de uso ya se est√° poniendo amarilla de la zona donde pone uno las manos y en el t√≠tulo dice NUNCA AMARILLA
"It‚Äôs a good product, great surface feeling. Anti fingerprint. Great."
"One of the standout features of this case is its compatibility with MagSafe technology. The built-in magnets are incredibly strong, ensuring a secure connection with MagSafe accessories such as chargers and wallets. This feature adds a new level of convenience to using the iPhone 15 Pro, and I appreciate the seamless integration with MagSafe accessories.

In terms of protection, the Aulofe case is military-grade drop tested, providing peace of mind that my phone is well-protected against accidental bumps and drops. The shockproof design effectively absorbs impact, safeguarding the device from everyday wear and tear. The raised edges around the screen and camera module offer additional protection against scratches and cracks, which is essential for maintaining the pristine condition of the iPhone 15 Pro.

Furthermore, the precise cutouts ensure that all ports, buttons, and functions remain easily accessible, without compromising on protection. I found that the buttons are responsive and easy to press, adding to the overall user experience.

Overall, I highly recommend the Aulofe Strong Magnetic iPhone 15 Pro Case to anyone in search of a high-quality, stylish, and protective case for their device. With its impressive magnetic compatibility, military-grade protection, and sleek design, this case exceeds expectations and provides exceptional value for iPhone 15 Pro users.
Leer m√°s"
"This is a thin well-made case with protections in the right areas. It‚Äôs got enough of a raised lip on the back and front edges to absorb shock and protect the screen This is a thin and well-made case with protections in the right areas. It‚Äôs got enough of a raised lip on the back and front edges to absorb shock and protect the screen and the camera. I am pretty sensitive to cases with significant raised lips because it interferes with using the edges of the screen and feels uncomfortable against my ear. I had none of these problems with this case.

The red is striking, and the case has just a little bit of a sheen to it without being too flat or shiny.

The buttons are metal and feel fantastic. Feels as good as clicking the buttons on the phone itself.

Cutouts ample and do not interfere with the port or the speakers.

The case has a really soft touch. Probably some kind of silicone coating. It slides in and out of my pocket easily. Many people will like this feel. For me, I have to do a lot of gymnastics when using my phone with one hand, and I would like something with more grip. It feels just a little bit slick if there‚Äôs any oils on my skin. The case also picks up skin oils visibly when handled.

This is a thin and well-made case with protections in the right areas. It‚Äôs got enough of a raised lip on the back and front edges to absorb shock and protect the screen and the camera. I am pretty sensitive to cases with significant raised lips because it interferes with using the edges of the screen and feels uncomfortable against my ear. I had none of these problems with this case.

The red is striking, and the case has just a little bit of a sheen to it without being too flat or shiny.

The buttons are metal and feel fantastic. Feels as good as clicking the buttons on the phone itself.

Cutouts ample and do not interfere with the port or the speakers.

The case has a really soft touch. Probably some kind of silicone coating. It slides in and out of my pocket easily. Many people will like this feel. For me, I have to do a lot of gymnastics when using my phone with one hand, and I would like something with more grip. It feels just a little bit slick if there‚Äôs any oils on my skin. The case also picks up skin oils visibly when handled.

All in all this case strikes are really good balance between Ultra minimalist and overprotective. The red is really nice and the buttons look and feel premium
Leer m√°s"
Very happy with item fit great thanks you
ŸÖŸÜÿ™ÿ¨ ÿ≥ÿ¶ ÿ¨ÿØÿ¢ Ÿà ŸÖÿÆÿßŸÑŸÅ ŸÑŸÑŸÖŸàÿßÿµŸÅÿßÿ™
Buena calidad de la piel
"Un funda con excelente calidad y funcionalidad, huele a piel, se ve muy bien, el terminado es perfecto y funciona con el cargador magn√©tico de Apple y sus accedorios"
"La calidad de la piel es buena, pero creo que la protecci√≥n no es la mejor, su dise√±o esta muy justo, y si le pones cristales templados a la pantalla y c√°maras, estas sobresalen, lo que es mas propenso a que se pueda romper, ademas de que se siente mas pesada que las micas de plastico, el anillo de la c√°mara lastima un poco."
Queda excelente y el material se ve y se siente muy bien
"Encaja a la perfecci√≥n y protege la pantalla, el marco de metal en la c√°mara es genial para cuidarlo y la calidad de la piel es excelente, no duden es buena, elegante y durable"
"Por el recio que pagas recibes una muy buena funda para el tel√©fono. Casi de la misma calidad de las fundas de cuero que Apple sol√≠a tener. Me gustar√≠a que el MagSafe sea mejor y m√°s potente, como el de las fundas de Spigen, pero en general, muy bueno."
"Como todo lo que hace la marca TORRO, la calidad de esta funda es incuestionable! La piel es estupenda y huele muy bien por un precio razonable!

El detalle viene en el objetivo principal de esta funda, que es proteger tu iPhone! Donde lamentablemente al ser una funda muy m√≠nimalista, sus bordes tanto para c√°maras y pantalla son √≠nfimos! Y pr√°cticamente inexistentes! Seguramente si tu iPhone sufre una ca√≠da y estas usando esta funda, lo mas seguro es que sufra alg√∫n da√±o!

De la misma manera el espacio que trae para introducir el cable de tipo USB C es peque√±o, si queremos conectar un cable m√°s ‚Äúpro‚Äù no entra ya que estos por los componentes que usan son m√°s gruesos. Thuderbolt 4 por ejemplo!

Es una bonita funda al tacto y a la vista, pero poco funcionara en cuanto a protecci√≥n!

Lamentablemente tendr√© que devolverla!"
"Por mucho la mejor funda que he comprado, era justo lo que buscaba, excelente calidad, 100% piel, mejor que las de apple"
"I purchased this case for my Apple iPhone 16 Pro Max and it is everything I hoped for in a phone case. The black bumper case is sleek, lightweight, very well made and affordably priced. Thank you Torro for another great product!"
"The leather on this case is amazing quality. My only negative feedback is that I found the case to be a bit bulky due to the thick leather. I have an iphone 15 pro max and it made the phone feel even bigger and bulkier. However, it is great quality and would recommend if you're not picky about weight or feel."
Degelijk mooi kleur en snel bezorgd. Is wat ik ervan verwacht had.
"This is by far the best leather case I've owned, combining style, functionality, and durability. If you're looking for a classy, high-quality leather case, Torro is the way to go. Highly recommended."
"Estava com receio de comprar, tendo em conta as reviews que li, mas afinal a capa at√© est√° bem constru√≠da, √≥timos acabamentos, ajustes e cortes perfeitos para o Iphone 15 Pro Max, n√£o sei se √© realmente pele, mas gosto da textura e sensa√ß√£o na m√£o, recomendo."
Muy buen producto
"Super resistente, no se raya, la mica de la pantalla y la c√°mara est√°n muy f√°ciles de poner, han cubierto unas ca√≠das."
Llego rota la mica de pantalla
Cumple con su funci√≥n
"La funda queda perfectamente, sin embargo, el cristal protector para la pantalla lleg√≥ cuarteado, y no lo puedo instalar as√≠... :("
Todo perfecto
Ven√≠a rota la mica
"Es una funda que facil puedes pedir en shein, la tuve que devolver, ni siquiera era para el 15 pro max, seguia teniendo el orificio del silencio cuando ahora es un boton de accion, pesima calidad"
"This product is beyond amazing! Absolutely stunning in every way‚ÄîI'm genuinely in awe! The quality is just next level, and it‚Äôs incredibly nice to use. Couldn‚Äôt ask for more! ‚ú®üî•"
Un produit au top du top sur tout pour les utilisateurs iPhone je le recommande 1000foix
"Muy bien constru√≠da y tiene muy bueno aspecto.
En modo inalambrico carga bastante despacio, casi no da cuenta de compensar el consumo de bateria si est√°s utilizando el telefono.
A nivel practico, es muy facil de utilizar y tenerla en manos en el telefono, y no tener que llevar cables a todo parte es muy bueno."
"comprato per il mio google pixel 7 pro dopo aver chiesto consiglio ad altri utenti con lo stesso device. Ne avevo preso un altro qui su amazon ma ho fatto il reso in quanto scaldava tantissimo e non ricaricava.

Questo anker 10k funziona bene, ricarica completa in un ora circa, non velocissima per√≤ la cosa buona √® che non scalda quasi per niente il dispositivo, ricarica a 7.5W, il magnete √® molto forte, non si stacca dal telefono anche se la parte inferiore tende un po millimetricamente a spostarsi ma la carica rimane continua
peso circa 200 grammi

difetti: forse sarebbe meglio qualche millimetro piu stretto ma diciamo che pu√† andare e si sente la mancanza della lamella pieghevole che consente di tenere in piedi il telefono metre si ricarica...
non mi √® piaciuto il fatto che appena comprato a 49.99 subito dopo √® uscito lo sconto di 15 euro..... per ora prodotto consigliato"
ÿ≠ÿ≥ŸÜÿßŸã ÿßŸÜŸÉÿ± ÿ∫ŸÜŸäÿ© ÿπŸÜ ÿßŸÑÿ™ÿπÿ±ŸäŸÅ .. ÿßŸÑÿß ÿßŸÜ ÿ®ŸÜŸÉ ÿßŸÑÿ∑ÿßŸÇŸá Ÿáÿ∞ÿß ŸÉÿ®Ÿäÿ± ÿßŸÑÿ≠ÿ¨ŸÖ ÿ¨ÿØÿßŸã .. ŸÑÿ∞ŸÑŸÉ ŸÖŸÜ Ÿäÿ®ÿ≠ÿ´ ÿπŸÜ ÿ≠ÿ¨ŸÖ ÿµÿ∫Ÿäÿ± ÿßŸà ŸÖÿ™Ÿàÿ≥ÿ∑.. ŸÅÿ•ŸÜ Ÿáÿ∞Ÿá ÿßŸÑÿ≥ŸÑÿπŸá (ÿßŸÜŸÉÿ± 334) ŸÑÿß ÿ™ÿµŸÑÿ≠ ŸÑŸá ŸàŸÑÿß ÿßŸÜÿµÿ≠ ÿ®Ÿáÿß
Muy buen producto
F√°cil de instalar y le brinda seguridad a la pantalla
"La mica est√° bien en general. Siendo muy exigente, la parte de la isla din√°mica no ajusta realmente a la del iPhone y en la parte inferior, tampoco cubre completamente. Es una buena opci√≥n en t√©rminos generales."
"Puse uno y a los dos d√≠as con una linea de fractura y hoy justo la reemplace y al estar sacando las burbujas se quebro, utilice la herramienta que incluye nada ajenos al kit, compren otras mejor"
es una mica de privacidad y se ve un poco pixelado al ponerla sobre el iPhone y m√°s opaco si tanto brillo en la pantalla
"Excelente producto, facil instalacion y el kit ofrece todo lo necesario, una vez colocada la proteccion, la pantalla no pierde nitidez, incluso no se nota que tenga mica el celular. Definitivamente fue una excelente compra, lo recomiendo ampliamente."
"Are you someone who values privacy as much as you treasure your iPhone 15 Pro Max? Look no further; the Spigen Tempered Glass Screen Protector [GlasTR EZ FIT - Privacy] covers you. Here's my review:

Privacy Protection: One of the standout features of this screen protector is its privacy filter. Whether commuting on a busy train or working in a crowded cafe, the privacy filter ensures that your screen remains visible only to you. Say goodbye to prying eyes trying to sneak a peek at your sensitive information.

Crystal Clear Display: Despite the privacy filter, the Spigen Tempered Glass Screen Protector doesn't compromise on clarity. You'll still enjoy crisp and clear visuals with no brightness or colour accuracy loss. It's like having the best of both worlds ‚Äì privacy and picture-perfect clarity.

Easy Installation: The GlasTR EZ FIT technology makes installation a breeze‚Äîno more frustrating air bubbles or misalignments. You can align the protector with your iPhone 15 Pro Max's screen, press gently, and watch it seamlessly adhere without any hassle.

Case-Friendly Design: Are you worried about compatibility with your favourite iPhone case? Fear not! This screen protector is designed to be case-friendly, ensuring that you can pair it with your preferred case without any issues. You won't have to compromise on protection for the sake of style.

Scratch and Impact Protection: Beyond privacy, this tempered glass screen protector offers reliable protection against scratches, scuffs, and impacts. Your iPhone 15 Pro Max's screen will remain pristine and unblemished, even after accidental drops or encounters with sharp objects.

Overall, the Spigen Tempered Glass Screen Protector [GlasTR EZ FIT - Privacy] is a must-have accessory for anyone who prioritizes privacy without sacrificing the visual experience or protection of their iPhone 15 Pro Max. With easy installation, compatibility with most cases, and top-notch privacy features, it's a worthy investment to safeguard your device and privacy.
Leer m√°s"
"The Spigen Privacy Glass Screen Protector is a solid investment for anyone looking to safeguard their privacy and protect their device. The installation process was straightforward, thanks to the included alignment tool and clear instructions. Once applied, the protector seamlessly integrates with my phone's screen, maintaining touch sensitivity without any noticeable lag.

Privacy is where this screen protector truly shines. The advanced technology ensures a narrow viewing angle, preventing prying eyes from seeing the contents of my screen. Whether commuting or working in a crowded space, the added privacy is a valuable feature that enhances the overall user experience.

The tempered glass construction provides robust protection against scratches and minor impacts, maintaining the pristine look of my phone. The oleophobic coating resists fingerprints and smudges, contributing to a cleaner and clearer display.

One noteworthy aspect is the case compatibility. The Spigen Privacy Glass Screen Protector is designed to work seamlessly with a variety of phone cases, ensuring that my device remains fully protected without sacrificing style.

While the price may be slightly higher than basic screen protectors, the added privacy and durability make it a worthwhile investment. If you prioritize both screen protection and privacy, this Spigen offering is a reliable and effective choice for your device.
Leer m√°s"
"Facile √† placer. Je n'avais pas lu que la protection d'√©cran √©tait polaris√©e, mais au final √ßa me convient tr√®s bien. Belle protection d'√©cran."
"Alƒ±≈üƒ±k olmayana koyu gelebilir, takƒ±lmasƒ± pratik, kullanƒ±≈ülƒ±"
"Bubble-free installation with included tool, good privacy filter and best overall quality."
Se siente de calidad en el producto y recomiendado para cuando sales a carretera para cargar equipo mas rapido.
Cargu√© mi celular S23 de 0 a 100 en una hora. Me sorprendi√≥ la calidad- precio
"After unsuccessfully trying to get AC inverters to charge a MacBook Pro, I turned to the UGREEN 150W USB-C Charger and it's exactly what I needed. As I type this review in the passenger seat, my MacBook Pro sits at 96% (up from less than 20% less than 2 hours ago). The UGREEN charger is hardly warm and doesn't have any annoying fan noises. I like having the option to use it from a back seat (given it's cord). The charger appears to be well-constructed and has a very mellow glow from the charging ports when it's dark outside. First impression is great! I would recommend it to a friend."
ok
"El UGREEN Cargador Coche 150W es una opci√≥n excelente para aquellos que buscan potencia y fiabilidad en la carretera. Su capacidad de carga r√°pida y dise√±o bien pensado lo hacen ideal para viajes familiares o profesionales, donde m√∫ltiples dispositivos necesitan mantenerse activos.

La inclusi√≥n de un cable largo facilita el uso por todos los ocupantes del veh√≠culo, y su funcionamiento sin ruido o exceso de calor es una ventaja significativa. Si est√°s buscando una soluci√≥n de carga eficiente para el coche, este cargador no decepcionar√°.

Por menos de 100‚Ç¨, este es un accesorio que aporta mucho valor, haciendo que cada trayecto sea m√°s c√≥modo y conectado."
"Fait le job, c√¢ble suffisant longs pour brancher ce bo√Ætier sur la prise 12V soit dans le coffre ou en fa√ßade sur le tableau de bord.
Permet de brancher √† la fois 2 appareils.
Pas encore test√© la recharge sur pc."
The amount of tech and the usefulness is worth more than they charge. I recently used this for a 1500 Mile Europe Road trip in my Motorhome. Had my Tomtom my Iphone and my Starlink Mini all connected and I still had a spare USB-C port on the actual connector. Don't even hesitate BUY IT!
Est√° muy pr√°ctica al poner y tiene muy buena calidad
"Excelente calidad por el precio, s√∫per f√°cil de colocar."
"Es un buen producto, con el instalador s√∫per f√°cil de colocarlo."
Muy buenos y f√°ciles de instalar
"No es nada sencillo el aplicador de f√°cil instalaci√≥n, la micra de quiebra muy f√°cilmente el maniobrar con ella. Las dos micas se me estrellaron al tratar de instalarlas."
"Buen producto, buena calidad"
"La instalaci√≥n se me hizo complicada, las instrucciones no son claras y el protector qued√≥ con burbujas."
Muy pr√°ctica de poner y cumple su prop√≥sito
Est√° muy pr√°ctica al poner y tiene muy buena calidad
"Excelente calidad por el precio, s√∫per f√°cil de colocar."
"Es un buen producto, con el instalador s√∫per f√°cil de colocarlo."
Muy buenos y f√°ciles de instalar
"No es nada sencillo el aplicador de f√°cil instalaci√≥n, la micra de quiebra muy f√°cilmente el maniobrar con ella. Las dos micas se me estrellaron al tratar de instalarlas."
"Buen producto, buena calidad"
"La instalaci√≥n se me hizo complicada, las instrucciones no son claras y el protector qued√≥ con burbujas."
Muy pr√°ctica de poner y cumple su prop√≥sito
"I use this at work to keep my phone angled and in view. Magnetic charger holds my iPhone 15 pro max with an otter box symmetry case. The magnet is strong enough to hold my phone straight up and down without worry. Charging is slow as most mag chargers, but it‚Äôs set it and leave it anyway. Very compact in my bag."
This product is a game changer for me. I can take it anywhere. It doesn‚Äôt take up a lot of space. My electronics charge fast.
"The TESSAN Foldable Magnetic Travel Charger Stand is is very good travel charger. You can charge your iPhone, Apple Watch and Airpods all at the same time. It is 3 chargers in 1. This charger comes with a charging cable, but no charging plug adapter. TESSAN recommends that you use a QC3.0 compatible. It would really be nice if that was included. Luckily, I have one that I can use.

This 3-in-1 charger is portable and folds neatly to fit in a bag or suitcase. I wished that it came with its own carrying case, which is a nice touch when you are traveling for convenience and storage. The charger folds for a small form function but opens up to charge all of the devices simultaneously. You can also use it in many different configurations, including laying the whole assembly flat on a desk or table. The build quality of this charger is nice. The aluminum alloy feels premium; however, they use non scratching surfaces for any part of the charger that touches your phone, watch or airpods.

The iPhone and Apple Watch charged as quickly as I would get with OEM Apple charging devices (I have not used the Airpods charger yet). The magnetic hold on the charger is heavy duty, especially if you have a MagSafe case. If you do not have a MagSafe case, you can lay it flat to charge the phone.

Overall, I highly recommend this charger. If you want to ditch keeping up with multiple charging cables, this is the one for you.
Leer m√°s"
"I really like this charger stand a lot! I've had a bunch of these over the years and a lot of them have died on me or had really weak MagSafe magnets or just didn't charge very well but this one has none of those issues. The magnet is super strong, charges really well, and I love how it folds up! I didn't actually think I'd like that very much because I felt it looks weird folded up but I actually dont mind it at all and usually keep it in the folded up state to make it more compact and out of the way if I dont need to charge my watch and AirPods.

It's overall a great charger! Good quality and great functionality!"
"The charger set does as described. It is small and compact, you can carry it with you while traveling, it is easy to plug up and charge."
"Play Video
Por m√°s que te ofrezca cualquier marca que no se amarillenta‚Ä¶.todas se ponen amarillas, en esta super carcasa no afecta en nada‚Ä¶.el Magsafe es super fuerte"
La funda se ve muy resistente. Le pude colocar una mica de cristal templado tanto frontal como para lentes (los de la c√°mara).
Muy buena funda
"No vale la pena el costo y estaba ya abierta la bolsa con una segunda bolsa disque cerrada.

P√©simo producto"
"I have used OtterBox Symmetry cases on multiple iPhones for a number of years now. I love that they come in clear color to show off the color of the phone itself (but other color choices are available too). Most importantly, these cases do a great job of protecting the phone while not being too bulky. To me, the OtterBox Symmetry series provide the perfect balance between protection and bulk.

Please note that I always have a screen protector on my screen in addition to the case. I've dropped my phones multiple times and the case usually does a great job of protecting my phone without a scratch. However, the screen protector has also helped because in some instances, the screen protector itself has cracked. The other thing to now is that if the phone falls face down (screen-side down) on an uneven surface, such as a pebble on the road, then the case will not be enough to protect the glass. This has actually happened to me once, but it was very rare.

Lastly, I love that this particular case is MagSafe compatible and allows me to wirelessly charge my phone while it's in the case. I also am happy with the price I paid. It was very good value.

My only complaint based on past experience is that the clear OtterBox Symmetry cases do tend to discolor and get darker over time. However, I've been using this particular case for a couple of months and I am not noticing any discoloration. It's possible that it will discolor after a year or two, but I am ok with that.

Pros:
=======
- Easy to use and not too bulky
- Provides adequate protection to the phone in most scenarios
- Visually appealing
- MagSafe compatible, allowing me to wirelessly charge while in the case and also compatible with MagSafe Accessories
- Good value for the money

Cons:
=======
- May not protect against all drop scenarios
- May discolor after some time
Leer m√°s"
The case yellowed within 2 weeks. Contacting otterbox is a pain during Pacific time while in eastern time. Don't recommend buying this case in clear.
"I recently upgraded my iPhone case to an OtterBox, and I have to say, it's been a fantastic decision. The case is incredibly durable, offering peace of mind that my phone is well-protected against drops and scratches. What's more, its design makes it very comfortable to hold, which is a significant plus for someone like me who's constantly on their phone. The ease of installation was a pleasant surprise; it snapped right into place without any hassle, making the setup process a breeze.

Another feature that stands out is the clear case design. It's perfect for showcasing the color of my iPhone, which I really appreciate. It's great not having to compromise on the phone's aesthetic appeal for the sake of protection. The case's transparency complements any phone color, making it versatile and appealing for a wide range of users. Overall, the OtterBox case has exceeded my expectations, combining durability, ease of use, and style in one package. It's certainly provided great value for the money, and I couldn't be happier with my purchase."
Thank you Amazon. I got a top notch case for about 20% of what I would have paid at a retail store because it had damaged packaging. I have NEVER regretted buying items discounted and marked like new or very good. This case fits my phone perfectl7 and looks great. I hope I never need it for its primary purpose of protecting my phone. But because it‚Äôs an Otterbox I‚Äôm sure it will perform as needed.
"The durability, the value for money, the strong feeling, the clarity! It's a must have for the Apple 15 pro max! Definitely recommend!"
"A veces tengo miedo de comprar cases de silicon de marcas que no conozco por qu√© siempre son o muy mal hechas o muy caras por lo que recibes. Pero la verdad es que esta marca cumple con todo!
1. El paquete minimalista se ve que elegante y tambi√©n se ve que es reciclado y que ayuda al medio ambiente, eso me encanta.
2. El case es de MUY BONITO COLOR! Y lo mejor de todo es que est√° bien hecho, la parte de adentro y por fuera se ven de calidad y no se ve como un case mal hecho o barato. 5 estrellas
3. El MagSafe, si bien no es el m√°s fuerte que he probado es bueno y mejor que el de las originales de Apple.
4. Los botones le dan un toque muy bonito al case y hacen que se vea muy bonito el tel√©fono.
5. Buena protecci√≥n, mejor que el del case original.

Ya veremos su durabilidad, pero de momento, me encant√≥!"
"Play Video
Le queda perfectamente al iPhone 15 Pro, tiene un feeling excelente y se siente de una incre√≠ble calidad. Realmente recomendada. Cubre perfectamente los lentes de la c√°mara y la pantalla. Los botones tienen un click excelente y el im√°n es fuerte y correcto."
"Me gusta mucho, el material es muy bueno, calidad buena y protege muy bien el celular. Lo recomiendo much√≠simo. El color tambi√©n est√° incre√≠ble."
"muy buena funda, queda exacta y protege bien, el √∫nico punto, que no se si sea malo, pero por el mismo material cuesta un poco sacarlo o meterlo de las bolsas de los pantalones y se le pega mucho el polvo o pelusas"
"La funda se siente muy bien al tacto, no resbala ni tampoco se siente muy pegajosa al momento de sacarla del pantalon a como me sucedia con fundas de Apple, excelente recomendaci√≥n"
"Yo no sab√≠a pero El lago es una marca de California, la vdd es que super√≥ mi expectativas
, es un case lindo , de calidad ibuenisima y los colores me encantaron! Lo √∫nico es que a√∫n no pruebo ponerle un pop socket , creo que por ser de silicona se puede batallar , luego les confirmo."
Todo muy funcional y resistente
"La sensaci√≥n es buena de primera impresi√≥n, se siente firme y los botones en aluminio son un buen extra.
Habr√° que ver a la larga sin embargo lo √∫nico de momento es que acumula mucha pelusa, como esperado en una funda de silicona."
"This silicone iPhone case with MagSafe is fantastic! It looks great and works just as well as the original Apple case I bought last year. The MagSafe functionality is spot-on‚Äîcharging is effortless, and my MagSafe wallet attaches securely without any issues. Overall, a stylish and functional choice that does exactly what I needed!"
"Play Video
If I could get a replacement I‚Äôd be very happy. Great case otherwise"
"I bought this case to replace an Apple case that cost a lot more but tore. This case fit perfectly, is easy to hold, looks and feels great, and has held up for the six months I‚Äôve owned it. I expect it will last as long as I have the phone. Works with my charger and the color selection is fun."
"A capa parece b√°sica, mas ela √© pensada nos detalhes: o material √© ao mesmo tempo forte e aesthetic, os bot√µes s√£o LINDOS, a capa √© agrad√°vel ao toque, o magsafe com im√£ potente, as bordas da c√¢mera realmente as protegem, tudo de bom! T√¥ feliz e satisfeita!"
Great MagSafe case
Est√©tica de 10 lo que no me gust√≥ es que era con ESIM
"go for it, i had mt doubts at the beginning, but trust me, you get for what you get, man of a word!!!"
"Me encant√≥, lo compr√© usado como nuevo y fue muy buena la compra, ning√∫n rasgu√±o, bater√≠a al 100%, y aparte cuenta con una garant√≠a de Apple Care de un a√±o. Recomendado 100%"
It came in excellent condition.
"The phone is like new very perfect,and great price"
Phone in excellent condition
"Esta funda es muy completa, la parte trasera es trasl√∫cida oscura, lo que le da un muy buen acabado. El magsafe de muy buen agarre con los dispositivos compatibles. El bisel de la c√°mara es SUPER Protector ya que s√≠ sobresale bastante de la c√°mara, supongo hay a quienes les moleste esto pues le agrega m√°s profundidad al tel√©fono, pero si quieres proteger la c√°mara esto est√° bastante bien. El bisel al frente buen√≠simo igualmente, no como otros que apenas tienen. Lo unico que no me gust√≥ de esta case es el hecho de que est√©ticamente cubre el cristal de las c√°maras (no las lentes obviamente). S√≠ es un gorro pues s√≠ agarra huellitas en la parte trasera. Fuera de eso, una funda muy buena."
"Qued√≥ incre√≠ble, sensaci√≥n muy buena a la mano, de lo mejor que he comprado"
"Efectivamente, cumple con su cometido, proteger tu celular,,,, las c√°maras son olvidadas en otras marcas pero con este modelo est√°n m√°s que protegidas, y la carcasa no se desliza o resbala de tu mano."
"Me gust√≥ en t√©rmino generales. Es robusto y aguantador
Satisfecho con la compra"
A primera impresi√≥n la funda tiene gran est√©tica y parece estar hecha de materiales de buena calidad. De momento me gust√≥ mucho. Habr√° que ver su durabilidad y resistencia con el tiempo pero le doy definitivamente 10/10
Se encuentra en excelentes condiciones nada raro. Se ve de calidad y elegante
"Me encant√≥ esta carcasa de protecci√≥n para mi iPhone 15 , sin dudar la volver√≠a a comprar."
Muy buena funda resiste y cumple con lo vendido
Business
Do not purchase expensive crap that fell to pieces
"N√£o era bem o esperado.
Mas tem boa qualidade."
„Éï„Ç£„ÉÉ„ÉàÊÑü„ÄÅ„Éú„Çø„É≥„ÅÆÊäº„Åó„ÇÑ„Åô„Åï„ÄÅÂÖÖÈõª„Ç±„Éº„Éñ„É´„ÅÆÂ∑Æ„Åó„ÇÑ„Åô„ÅïÁ≠â„ÄÅ„Å©„Çå„ÇÇÂÆåÁíß„Åß„Åô„ÄÇ‰Ωï„Çà„Çä„Ç´„ÉÉ„Ç≥„ÅÑ„ÅÑ„ÄÇ„Ç´„É°„É©„ÅÆ‰øùË≠∑„ÇÇ„Éê„ÉÉ„ÉÅ„É™„Å†„Å®ÊÄù„ÅÑ„Åæ„Åô„ÄÇÊÆãÂøµ„Å™„ÅÆ„ÅØÊåÅ„Å£„ÅüÊÑü„ÅòÊªë„Çä„ÇÑ„Åô„ÅÑ„Å®„Åì„Çç„ÄÇ‰ªñ„ÅØÊ¶Ç„Å≠Ê∫ÄË∂≥„Åó„Å¶„ÅÑ„Åæ„Åô„ÄÇ
"Play Video
Contiene 3 vidrios templados, cada uno con su kit completo para uso. Est√° grueso, resistente, cubre toda la pantalla, f√°cil de instalar. Mi tel√©fono callo aproximadamente de metro y medio y pego con esquina y se astill√≥ el templado, salvando la pantalla."
"Buen art√≠culo, f√°cil de usar"
"Siempre llevaba mi celular a los kioscos para que le pusieran la mica. Con este kit es muy f√°cil ponerle la mica, queda derechito, sin burbujas ni pelusa."
Excelente producto r√°pido env√≠o
"El cristal es resistente, se nota. Sin embargo, el que sea m√°s grueso de lo normal dificulta mucho que se pueda poner. A pesar de la herramienta de instalaci√≥n, la realidad es que no queda bien a la primera, tiene muchas burbujas y hay que darle varias pasadas, durante las cuales puede colarse el polvo dentro y, si eres obsesivo como yo, provocar√° que no sea satisfactorio. Opt√© por pedir otros de la misma marca, puesto que es la primera vez que uno de estos productos me da problemas durante la instalaci√≥n."
"El producto es muy bueno. Pero a pesar del buen empaque en el que viene, una de las l√°minas lleg√≥ rota. Las otras dos, muy bien"
"Me sorprend√≠ con la calidad de la mica y las herramientas que trae, la verdad aguan, mi cu√±ado le tir√≥ el tel√©fono a mi novia y esta mica hizo su labor de proteger el tel√©fono."
Cumple su funci√≥n. Buena calidad. Muy √∫til la gu√≠a para las micas.
It‚Äôs so great and it‚Äôs very easy to apply. Once I received it I was worried how I am gonna apply it but there is instruction page and I follow those instructions and it was so quick and easy too apply and quality is too good.
Zeer professionele set en met kader om perfecte plaatsen te garanderen. Top
Excellent
"Llevo tiempo usando fundas y cristales de esta marca y siempre son productos TOP. Cristal facil de poner, sin burbujas y muy resistente. Tiene marco negro alrededor que no parece que tenga puesto un protector."
"Best bang for the buck.
Wasted 1 by dust applying, 2nd went perfect, 1 left.
Finally a kit that's not ‚Ç¨29 for 2... what's actually worth a ‚Ç¨2 per glass.
Great package for the price! Highly recommended, a great insurance for you device.
Dropped my iPhone recently and broke a protector, NOT the display/digitizer etc.
Awesome."
Muy buen producto y precio muy justo
"El equipo lo compr√© en calidad ‚Äúbueno‚Äù y me lleg√≥ un equipo que calificar√≠a como 9.5 de 10, la pantalla y la parte trasera del equipo est√°n excelentes, solo un peque√±o muy leve rasp√≥n en la esquina superior derecha que muestro en las fotos, sin duda es una excelente compra, lo recomiendo ampliamente."
"Est√©tica casi perfecta un 9/10
Muy buenas c√°maras y zoom
Pero no tiene ranura para SIM
Y la ESIM que le intentaba registrar no me lo permiti√≥, tuve que solicitar devoluci√≥n."
"Play Video
Llego muy bien con un cable gen√©rico pero todo bien, en general el equipo esta en buen estado sin rayones √∫nicamente un rasp√≥n en la parte superior izquierda pero no se ve mucho y con mica, estaba viendo que algunos les entregan cargador, en mi caso solo fue el cable."
"Play Video
El tel√©fono es muy bonito, pero tiene varios detalles est√©ticos, la mica que le agregaron para protecci√≥n, cubr√≠a un ray√≥n que ten√≠a, tiene m√∫ltiples raspones alrededor del tel√©fono pero es completamente funcional, no genera conflicto con este, las c√°maras funcionan incre√≠ble, es un buen producto pero pudieron referirse mucho mejor a el en la descripci√≥n"
"Me lleg√≥ en buen estado y con 100% de bater√≠a
Unos peque√±os golpes en la pantalla sin afectar su funcionamiento"
"La verdad un excelente producto, mejor de lo que esperaba, la pila me llego al 100% y est√©ticamente esta 10-10 solo tiene un ligero ray√≥n que ni se nota"
