link,price
https://www.amazon.com.mx/sspa/click?ie=UTF8&spc=MTo0ODk0ODQyMDg5NTc4OTk5OjE3MzYyODgxOTE6c3BfYXRmOjMwMDA1MTMyNTIzMzEwMjo6MDo6&url=%2FApple-iPhone-Pro-MAX-256%2Fdp%2FB0CHX1K3P6%2Fref%3Dsr_1_1_sspa%3Fdib%3DeyJ2IjoiMSJ9.PnNHQko-fU1W20rjfSTUYp7gYOscIKlNtFZsRE-nuFFaAfT4M3eR_66EX9tdlV0cToLtsKmTqlsJBQNHSYnRdAbr5BXjZHieqdnufnXg47mG-AN_Jjdi5aTgRkxfmxblI1_YaaNkhatKf_C9LpPA5STXXurmT8eyX89R3mjpjrr8ntBk4lv5txpRUNT9M5mT1tPWufpPZvU6kkxwBHxuBiGCnzugehwCNwkLUD4ZkPuf3QQD0zqTDDYkH5kyynz_fS7rnbXvw_kqp_PqWfEOOADQ8-mlZRzUBEA3tNjeCJI.kXHmi7vkGAleB7pgngCDFepEg_chtIvouZY09hxbruo%26dib_tag%3Dse%26keywords%3DIphone%2B15%2BPRO%2Bmax%26qid%3D1736288191%26sr%3D8-1-spons%26ufe%3Dapp_do%253Aamzn1.fos.666fddd9-7345-4183-b0a8-29250f70baf9%26sp_csd%3Dd2lkZ2V0TmFtZT1zcF9hdGY%26psc%3D1,"28,499"
https://www.amazon.com.mx/Apple-iPhone-Pro-MAX-Reacondicionado/dp/B0CLQ6XKDV/ref=sr_1_2?dib=eyJ2IjoiMSJ9.PnNHQko-fU1W20rjfSTUYp7gYOscIKlNtFZsRE-nuFFaAfT4M3eR_66EX9tdlV0cToLtsKmTqlsJBQNHSYnRdAbr5BXjZHieqdnufnXg47mG-AN_Jjdi5aTgRkxfmxblI1_YaaNkhatKf_C9LpPA5STXXurmT8eyX89R3mjpjrr8ntBk4lv5txpRUNT9M5mT1tPWufpPZvU6kkxwBHxuBiGCnzugehwCNwkLUD4ZkPuf3QQD0zqTDDYkH5kyynz_fS7rnbXvw_kqp_PqWfEOOADQ8-mlZRzUBEA3tNjeCJI.kXHmi7vkGAleB7pgngCDFepEg_chtIvouZY09hxbruo&dib_tag=se&keywords=Iphone+15+PRO+max&qid=1736288191&sr=8-2,"20,399"
https://www.amazon.com.mx/Apple-iPhone-Pro-MAX-Reacondicionado/dp/B0CRJJBBPY/ref=sr_1_3?dib=eyJ2IjoiMSJ9.PnNHQko-fU1W20rjfSTUYp7gYOscIKlNtFZsRE-nuFFaAfT4M3eR_66EX9tdlV0cToLtsKmTqlsJBQNHSYnRdAbr5BXjZHieqdnufnXg47mG-AN_Jjdi5aTgRkxfmxblI1_YaaNkhatKf_C9LpPA5STXXurmT8eyX89R3mjpjrr8ntBk4lv5txpRUNT9M5mT1tPWufpPZvU6kkxwBHxuBiGCnzugehwCNwkLUD4ZkPuf3QQD0zqTDDYkH5kyynz_fS7rnbXvw_kqp_PqWfEOOADQ8-mlZRzUBEA3tNjeCJI.kXHmi7vkGAleB7pgngCDFepEg_chtIvouZY09hxbruo&dib_tag=se&keywords=Iphone+15+PRO+max&qid=1736288191&sr=8-3,"23,757"
https://www.amazon.com.mx/Apple-iPhone-Pro-MAX-512/dp/B0CHX1FKKS/ref=sr_1_4?dib=eyJ2IjoiMSJ9.PnNHQko-fU1W20rjfSTUYp7gYOscIKlNtFZsRE-nuFFaAfT4M3eR_66EX9tdlV0cToLtsKmTqlsJBQNHSYnRdAbr5BXjZHieqdnufnXg47mG-AN_Jjdi5aTgRkxfmxblI1_YaaNkhatKf_C9LpPA5STXXurmT8eyX89R3mjpjrr8ntBk4lv5txpRUNT9M5mT1tPWufpPZvU6kkxwBHxuBiGCnzugehwCNwkLUD4ZkPuf3QQD0zqTDDYkH5kyynz_fS7rnbXvw_kqp_PqWfEOOADQ8-mlZRzUBEA3tNjeCJI.kXHmi7vkGAleB7pgngCDFepEg_chtIvouZY09hxbruo&dib_tag=se&keywords=Iphone+15+PRO+max&qid=1736288191&sr=8-4&ufe=app_do%3Aamzn1.fos.666fddd9-7345-4183-b0a8-29250f70baf9,"28,474"
https://www.amazon.com.mx/JETech-Protector-Herramienta-Instalaci%C3%B3n-Transparente/dp/B0CCJPGYC2/ref=sr_1_5?dib=eyJ2IjoiMSJ9.PnNHQko-fU1W20rjfSTUYp7gYOscIKlNtFZsRE-nuFFaAfT4M3eR_66EX9tdlV0cToLtsKmTqlsJBQNHSYnRdAbr5BXjZHieqdnufnXg47mG-AN_Jjdi5aTgRkxfmxblI1_YaaNkhatKf_C9LpPA5STXXurmT8eyX89R3mjpjrr8ntBk4lv5txpRUNT9M5mT1tPWufpPZvU6kkxwBHxuBiGCnzugehwCNwkLUD4ZkPuf3QQD0zqTDDYkH5kyynz_fS7rnbXvw_kqp_PqWfEOOADQ8-mlZRzUBEA3tNjeCJI.kXHmi7vkGAleB7pgngCDFepEg_chtIvouZY09hxbruo&dib_tag=se&keywords=Iphone+15+PRO+max&qid=1736288191&sr=8-5&ufe=app_do%3Aamzn1.fos.de93fa6a-174c-4df7-be7c-5bc8e9c5a71b,219
https://www.amazon.com.mx/Apple-iPhone-Pro-128-Reacondicionado/dp/B0CLPNY48J/ref=sr_1_6?dib=eyJ2IjoiMSJ9.PnNHQko-fU1W20rjfSTUYp7gYOscIKlNtFZsRE-nuFFaAfT4M3eR_66EX9tdlV0cToLtsKmTqlsJBQNHSYnRdAbr5BXjZHieqdnufnXg47mG-AN_Jjdi5aTgRkxfmxblI1_YaaNkhatKf_C9LpPA5STXXurmT8eyX89R3mjpjrr8ntBk4lv5txpRUNT9M5mT1tPWufpPZvU6kkxwBHxuBiGCnzugehwCNwkLUD4ZkPuf3QQD0zqTDDYkH5kyynz_fS7rnbXvw_kqp_PqWfEOOADQ8-mlZRzUBEA3tNjeCJI.kXHmi7vkGAleB7pgngCDFepEg_chtIvouZY09hxbruo&dib_tag=se&keywords=Iphone+15+PRO+max&qid=1736288191&sr=8-6,"16,991"
https://www.amazon.com.mx/Apple-iPhone-13-Pro-Alpino/dp/B09LPDM924/ref=sr_1_7?dib=eyJ2IjoiMSJ9.PnNHQko-fU1W20rjfSTUYp7gYOscIKlNtFZsRE-nuFFaAfT4M3eR_66EX9tdlV0cToLtsKmTqlsJBQNHSYnRdAbr5BXjZHieqdnufnXg47mG-AN_Jjdi5aTgRkxfmxblI1_YaaNkhatKf_C9LpPA5STXXurmT8eyX89R3mjpjrr8ntBk4lv5txpRUNT9M5mT1tPWufpPZvU6kkxwBHxuBiGCnzugehwCNwkLUD4ZkPuf3QQD0zqTDDYkH5kyynz_fS7rnbXvw_kqp_PqWfEOOADQ8-mlZRzUBEA3tNjeCJI.kXHmi7vkGAleB7pgngCDFepEg_chtIvouZY09hxbruo&dib_tag=se&keywords=Iphone+15+PRO+max&qid=1736288191&sr=8-7,"12,639"
https://www.amazon.com.mx/JETech-Protector-Privacidad-Instalaci%C3%B3n-Antiespia/dp/B0CCJNLS55/ref=sr_1_8?dib=eyJ2IjoiMSJ9.PnNHQko-fU1W20rjfSTUYp7gYOscIKlNtFZsRE-nuFFaAfT4M3eR_66EX9tdlV0cToLtsKmTqlsJBQNHSYnRdAbr5BXjZHieqdnufnXg47mG-AN_Jjdi5aTgRkxfmxblI1_YaaNkhatKf_C9LpPA5STXXurmT8eyX89R3mjpjrr8ntBk4lv5txpRUNT9M5mT1tPWufpPZvU6kkxwBHxuBiGCnzugehwCNwkLUD4ZkPuf3QQD0zqTDDYkH5kyynz_fS7rnbXvw_kqp_PqWfEOOADQ8-mlZRzUBEA3tNjeCJI.kXHmi7vkGAleB7pgngCDFepEg_chtIvouZY09hxbruo&dib_tag=se&keywords=Iphone+15+PRO+max&qid=1736288191&sr=8-8&ufe=app_do%3Aamzn1.fos.de93fa6a-174c-4df7-be7c-5bc8e9c5a71b,288
https://www.amazon.com.mx/Apple-iPhone-15-Pro-256/dp/B0CHX5BQ98/ref=sr_1_9?dib=eyJ2IjoiMSJ9.PnNHQko-fU1W20rjfSTUYp7gYOscIKlNtFZsRE-nuFFaAfT4M3eR_66EX9tdlV0cToLtsKmTqlsJBQNHSYnRdAbr5BXjZHieqdnufnXg47mG-AN_Jjdi5aTgRkxfmxblI1_YaaNkhatKf_C9LpPA5STXXurmT8eyX89R3mjpjrr8ntBk4lv5txpRUNT9M5mT1tPWufpPZvU6kkxwBHxuBiGCnzugehwCNwkLUD4ZkPuf3QQD0zqTDDYkH5kyynz_fS7rnbXvw_kqp_PqWfEOOADQ8-mlZRzUBEA3tNjeCJI.kXHmi7vkGAleB7pgngCDFepEg_chtIvouZY09hxbruo&dib_tag=se&keywords=Iphone+15+PRO+max&qid=1736288191&sr=8-9&ufe=app_do%3Aamzn1.fos.666fddd9-7345-4183-b0a8-29250f70baf9,"24,999"
https://www.amazon.com.mx/Apple-iPhone-512-GB-Morado-Reacondicionado/dp/B0BNLSHBFZ/ref=sr_1_10?dib=eyJ2IjoiMSJ9.PnNHQko-fU1W20rjfSTUYp7gYOscIKlNtFZsRE-nuFFaAfT4M3eR_66EX9tdlV0cToLtsKmTqlsJBQNHSYnRdAbr5BXjZHieqdnufnXg47mG-AN_Jjdi5aTgRkxfmxblI1_YaaNkhatKf_C9LpPA5STXXurmT8eyX89R3mjpjrr8ntBk4lv5txpRUNT9M5mT1tPWufpPZvU6kkxwBHxuBiGCnzugehwCNwkLUD4ZkPuf3QQD0zqTDDYkH5kyynz_fS7rnbXvw_kqp_PqWfEOOADQ8-mlZRzUBEA3tNjeCJI.kXHmi7vkGAleB7pgngCDFepEg_chtIvouZY09hxbruo&dib_tag=se&keywords=Iphone+15+PRO+max&qid=1736288191&sr=8-10,"14,867"
https://www.amazon.com.mx/UGREEN-Magn%C3%A9tico-Anti-Amarillo-Protecci%C3%B3n-Transparente/dp/B0C8TN3VH1/ref=sr_1_11?dib=eyJ2IjoiMSJ9.PnNHQko-fU1W20rjfSTUYp7gYOscIKlNtFZsRE-nuFFaAfT4M3eR_66EX9tdlV0cToLtsKmTqlsJBQNHSYnRdAbr5BXjZHieqdnufnXg47mG-AN_Jjdi5aTgRkxfmxblI1_YaaNkhatKf_C9LpPA5STXXurmT8eyX89R3mjpjrr8ntBk4lv5txpRUNT9M5mT1tPWufpPZvU6kkxwBHxuBiGCnzugehwCNwkLUD4ZkPuf3QQD0zqTDDYkH5kyynz_fS7rnbXvw_kqp_PqWfEOOADQ8-mlZRzUBEA3tNjeCJI.kXHmi7vkGAleB7pgngCDFepEg_chtIvouZY09hxbruo&dib_tag=se&keywords=Iphone+15+PRO+max&qid=1736288191&sr=8-11&ufe=app_do%3Aamzn1.fos.de93fa6a-174c-4df7-be7c-5bc8e9c5a71b,459
https://www.amazon.com.mx/Apple-iPhone-Titanio-Desbloqueado-Renovado/dp/B0CMZDBVWT/ref=sr_1_12?dib=eyJ2IjoiMSJ9.PnNHQko-fU1W20rjfSTUYp7gYOscIKlNtFZsRE-nuFFaAfT4M3eR_66EX9tdlV0cToLtsKmTqlsJBQNHSYnRdAbr5BXjZHieqdnufnXg47mG-AN_Jjdi5aTgRkxfmxblI1_YaaNkhatKf_C9LpPA5STXXurmT8eyX89R3mjpjrr8ntBk4lv5txpRUNT9M5mT1tPWufpPZvU6kkxwBHxuBiGCnzugehwCNwkLUD4ZkPuf3QQD0zqTDDYkH5kyynz_fS7rnbXvw_kqp_PqWfEOOADQ8-mlZRzUBEA3tNjeCJI.kXHmi7vkGAleB7pgngCDFepEg_chtIvouZY09hxbruo&dib_tag=se&keywords=Iphone+15+PRO+max&qid=1736288191&sr=8-12&ufe=app_do%3Aamzn1.fos.de93fa6a-174c-4df7-be7c-5bc8e9c5a71b,"21,893"
https://www.amazon.com.mx/Apple-iPhone-128-GB-Espacial-Reacondicionado/dp/B0BNLT5FVN/ref=sr_1_13?dib=eyJ2IjoiMSJ9.PnNHQko-fU1W20rjfSTUYp7gYOscIKlNtFZsRE-nuFFaAfT4M3eR_66EX9tdlV0cToLtsKmTqlsJBQNHSYnRdAbr5BXjZHieqdnufnXg47mG-AN_Jjdi5aTgRkxfmxblI1_YaaNkhatKf_C9LpPA5STXXurmT8eyX89R3mjpjrr8ntBk4lv5txpRUNT9M5mT1tPWufpPZvU6kkxwBHxuBiGCnzugehwCNwkLUD4ZkPuf3QQD0zqTDDYkH5kyynz_fS7rnbXvw_kqp_PqWfEOOADQ8-mlZRzUBEA3tNjeCJI.kXHmi7vkGAleB7pgngCDFepEg_chtIvouZY09hxbruo&dib_tag=se&keywords=Iphone+15+PRO+max&qid=1736288191&sr=8-13,"16,346"
https://www.amazon.com.mx/Apple-iPhone-Pro-MAX-256/dp/B0DGJH9VPV/ref=sr_1_14?dib=eyJ2IjoiMSJ9.PnNHQko-fU1W20rjfSTUYp7gYOscIKlNtFZsRE-nuFFaAfT4M3eR_66EX9tdlV0cToLtsKmTqlsJBQNHSYnRdAbr5BXjZHieqdnufnXg47mG-AN_Jjdi5aTgRkxfmxblI1_YaaNkhatKf_C9LpPA5STXXurmT8eyX89R3mjpjrr8ntBk4lv5txpRUNT9M5mT1tPWufpPZvU6kkxwBHxuBiGCnzugehwCNwkLUD4ZkPuf3QQD0zqTDDYkH5kyynz_fS7rnbXvw_kqp_PqWfEOOADQ8-mlZRzUBEA3tNjeCJI.kXHmi7vkGAleB7pgngCDFepEg_chtIvouZY09hxbruo&dib_tag=se&keywords=Iphone+15+PRO+max&qid=1736288191&sr=8-14&ufe=app_do%3Aamzn1.fos.de93fa6a-174c-4df7-be7c-5bc8e9c5a71b,"30,899"
https://www.amazon.com.mx/Funda-silic%C3%B3n-MagSafe-para-iPhone/dp/B0CHX4V38Y/ref=sr_1_15?dib=eyJ2IjoiMSJ9.PnNHQko-fU1W20rjfSTUYp7gYOscIKlNtFZsRE-nuFFaAfT4M3eR_66EX9tdlV0cToLtsKmTqlsJBQNHSYnRdAbr5BXjZHieqdnufnXg47mG-AN_Jjdi5aTgRkxfmxblI1_YaaNkhatKf_C9LpPA5STXXurmT8eyX89R3mjpjrr8ntBk4lv5txpRUNT9M5mT1tPWufpPZvU6kkxwBHxuBiGCnzugehwCNwkLUD4ZkPuf3QQD0zqTDDYkH5kyynz_fS7rnbXvw_kqp_PqWfEOOADQ8-mlZRzUBEA3tNjeCJI.kXHmi7vkGAleB7pgngCDFepEg_chtIvouZY09hxbruo&dib_tag=se&keywords=Iphone+15+PRO+max&qid=1736288191&sr=8-15&ufe=app_do%3Aamzn1.fos.666fddd9-7345-4183-b0a8-29250f70baf9,"1,099"
https://www.amazon.com.mx/JETech-Magn%C3%A9tica-Compatible-Transl%C3%BAcida-Antigolpes/dp/B0CBV4P27S/ref=sr_1_16?dib=eyJ2IjoiMSJ9.PnNHQko-fU1W20rjfSTUYp7gYOscIKlNtFZsRE-nuFFaAfT4M3eR_66EX9tdlV0cToLtsKmTqlsJBQNHSYnRdAbr5BXjZHieqdnufnXg47mG-AN_Jjdi5aTgRkxfmxblI1_YaaNkhatKf_C9LpPA5STXXurmT8eyX89R3mjpjrr8ntBk4lv5txpRUNT9M5mT1tPWufpPZvU6kkxwBHxuBiGCnzugehwCNwkLUD4ZkPuf3QQD0zqTDDYkH5kyynz_fS7rnbXvw_kqp_PqWfEOOADQ8-mlZRzUBEA3tNjeCJI.kXHmi7vkGAleB7pgngCDFepEg_chtIvouZY09hxbruo&dib_tag=se&keywords=Iphone+15+PRO+max&qid=1736288191&sr=8-16&ufe=app_do%3Aamzn1.fos.de93fa6a-174c-4df7-be7c-5bc8e9c5a71b,289
https://www.amazon.com.mx/amFilm-OneTouch-Compatible-Protector-Instalaci%C3%B3n/dp/B0CC1G1VCL/ref=sr_1_17?dib=eyJ2IjoiMSJ9.PnNHQko-fU1W20rjfSTUYp7gYOscIKlNtFZsRE-nuFFaAfT4M3eR_66EX9tdlV0cToLtsKmTqlsJBQNHSYnRdAbr5BXjZHieqdnufnXg47mG-AN_Jjdi5aTgRkxfmxblI1_YaaNkhatKf_C9LpPA5STXXurmT8eyX89R3mjpjrr8ntBk4lv5txpRUNT9M5mT1tPWufpPZvU6kkxwBHxuBiGCnzugehwCNwkLUD4ZkPuf3QQD0zqTDDYkH5kyynz_fS7rnbXvw_kqp_PqWfEOOADQ8-mlZRzUBEA3tNjeCJI.kXHmi7vkGAleB7pgngCDFepEg_chtIvouZY09hxbruo&dib_tag=se&keywords=Iphone+15+PRO+max&qid=1736288191&sr=8-17&ufe=app_do%3Aamzn1.fos.de93fa6a-174c-4df7-be7c-5bc8e9c5a71b,239
https://www.amazon.com.mx/Apple-iPhone-Titanio-Blanco-Reacondicionado/dp/B0CMZLLQHT/ref=sr_1_18?dib=eyJ2IjoiMSJ9.PnNHQko-fU1W20rjfSTUYp7gYOscIKlNtFZsRE-nuFFaAfT4M3eR_66EX9tdlV0cToLtsKmTqlsJBQNHSYnRdAbr5BXjZHieqdnufnXg47mG-AN_Jjdi5aTgRkxfmxblI1_YaaNkhatKf_C9LpPA5STXXurmT8eyX89R3mjpjrr8ntBk4lv5txpRUNT9M5mT1tPWufpPZvU6kkxwBHxuBiGCnzugehwCNwkLUD4ZkPuf3QQD0zqTDDYkH5kyynz_fS7rnbXvw_kqp_PqWfEOOADQ8-mlZRzUBEA3tNjeCJI.kXHmi7vkGAleB7pgngCDFepEg_chtIvouZY09hxbruo&dib_tag=se&keywords=Iphone+15+PRO+max&qid=1736288191&sr=8-18,"22,759"
https://www.amazon.com.mx/Apple-iPhone-15-Plus-128/dp/B0CHX2HXZC/ref=sr_1_19?dib=eyJ2IjoiMSJ9.PnNHQko-fU1W20rjfSTUYp7gYOscIKlNtFZsRE-nuFFaAfT4M3eR_66EX9tdlV0cToLtsKmTqlsJBQNHSYnRdAbr5BXjZHieqdnufnXg47mG-AN_Jjdi5aTgRkxfmxblI1_YaaNkhatKf_C9LpPA5STXXurmT8eyX89R3mjpjrr8ntBk4lv5txpRUNT9M5mT1tPWufpPZvU6kkxwBHxuBiGCnzugehwCNwkLUD4ZkPuf3QQD0zqTDDYkH5kyynz_fS7rnbXvw_kqp_PqWfEOOADQ8-mlZRzUBEA3tNjeCJI.kXHmi7vkGAleB7pgngCDFepEg_chtIvouZY09hxbruo&dib_tag=se&keywords=Iphone+15+PRO+max&qid=1736288191&sr=8-19&ufe=app_do%3Aamzn1.fos.666fddd9-7345-4183-b0a8-29250f70baf9,"19,999"
https://www.amazon.com.mx/Apple-iPhone-Titanio-Reacondicionado-Premium/dp/B0CRHY86N9/ref=sr_1_20?dib=eyJ2IjoiMSJ9.PnNHQko-fU1W20rjfSTUYp7gYOscIKlNtFZsRE-nuFFaAfT4M3eR_66EX9tdlV0cToLtsKmTqlsJBQNHSYnRdAbr5BXjZHieqdnufnXg47mG-AN_Jjdi5aTgRkxfmxblI1_YaaNkhatKf_C9LpPA5STXXurmT8eyX89R3mjpjrr8ntBk4lv5txpRUNT9M5mT1tPWufpPZvU6kkxwBHxuBiGCnzugehwCNwkLUD4ZkPuf3QQD0zqTDDYkH5kyynz_fS7rnbXvw_kqp_PqWfEOOADQ8-mlZRzUBEA3tNjeCJI.kXHmi7vkGAleB7pgngCDFepEg_chtIvouZY09hxbruo&dib_tag=se&keywords=Iphone+15+PRO+max&qid=1736288191&sr=8-20,"19,237"
https://www.amazon.com.mx/Apple-iPhone-15-128-Reacondicionado/dp/B0CLN5XNR8/ref=sr_1_21?dib=eyJ2IjoiMSJ9.PnNHQko-fU1W20rjfSTUYp7gYOscIKlNtFZsRE-nuFFaAfT4M3eR_66EX9tdlV0cToLtsKmTqlsJBQNHSYnRdAbr5BXjZHieqdnufnXg47mG-AN_Jjdi5aTgRkxfmxblI1_YaaNkhatKf_C9LpPA5STXXurmT8eyX89R3mjpjrr8ntBk4lv5txpRUNT9M5mT1tPWufpPZvU6kkxwBHxuBiGCnzugehwCNwkLUD4ZkPuf3QQD0zqTDDYkH5kyynz_fS7rnbXvw_kqp_PqWfEOOADQ8-mlZRzUBEA3tNjeCJI.kXHmi7vkGAleB7pgngCDFepEg_chtIvouZY09hxbruo&dib_tag=se&keywords=Iphone+15+PRO+max&qid=1736288191&sr=8-21,"14,149"
https://www.amazon.com.mx/Lamicall-Protector-Pantalla-Transparente-Cobertura/dp/B0CG1SJ6ZW/ref=sr_1_22?dib=eyJ2IjoiMSJ9.PnNHQko-fU1W20rjfSTUYp7gYOscIKlNtFZsRE-nuFFaAfT4M3eR_66EX9tdlV0cToLtsKmTqlsJBQNHSYnRdAbr5BXjZHieqdnufnXg47mG-AN_Jjdi5aTgRkxfmxblI1_YaaNkhatKf_C9LpPA5STXXurmT8eyX89R3mjpjrr8ntBk4lv5txpRUNT9M5mT1tPWufpPZvU6kkxwBHxuBiGCnzugehwCNwkLUD4ZkPuf3QQD0zqTDDYkH5kyynz_fS7rnbXvw_kqp_PqWfEOOADQ8-mlZRzUBEA3tNjeCJI.kXHmi7vkGAleB7pgngCDFepEg_chtIvouZY09hxbruo&dib_tag=se&keywords=Iphone+15+PRO+max&qid=1736288191&sr=8-22&ufe=app_do%3Aamzn1.fos.de93fa6a-174c-4df7-be7c-5bc8e9c5a71b,249
https://www.amazon.com.mx/JETech-Anti-Amarillo-Antigolpes-Antiara%C3%B1azos-Transparente/dp/B0CCCY6M6K/ref=sr_1_23?dib=eyJ2IjoiMSJ9.PnNHQko-fU1W20rjfSTUYp7gYOscIKlNtFZsRE-nuFFaAfT4M3eR_66EX9tdlV0cToLtsKmTqlsJBQNHSYnRdAbr5BXjZHieqdnufnXg47mG-AN_Jjdi5aTgRkxfmxblI1_YaaNkhatKf_C9LpPA5STXXurmT8eyX89R3mjpjrr8ntBk4lv5txpRUNT9M5mT1tPWufpPZvU6kkxwBHxuBiGCnzugehwCNwkLUD4ZkPuf3QQD0zqTDDYkH5kyynz_fS7rnbXvw_kqp_PqWfEOOADQ8-mlZRzUBEA3tNjeCJI.kXHmi7vkGAleB7pgngCDFepEg_chtIvouZY09hxbruo&dib_tag=se&keywords=Iphone+15+PRO+max&qid=1736288191&sr=8-23&ufe=app_do%3Aamzn1.fos.de93fa6a-174c-4df7-be7c-5bc8e9c5a71b,199
https://www.amazon.com.mx/Apple-iPhone-16-Pro-256/dp/B0DGJMHY5Y/ref=sr_1_24?dib=eyJ2IjoiMSJ9.PnNHQko-fU1W20rjfSTUYp7gYOscIKlNtFZsRE-nuFFaAfT4M3eR_66EX9tdlV0cToLtsKmTqlsJBQNHSYnRdAbr5BXjZHieqdnufnXg47mG-AN_Jjdi5aTgRkxfmxblI1_YaaNkhatKf_C9LpPA5STXXurmT8eyX89R3mjpjrr8ntBk4lv5txpRUNT9M5mT1tPWufpPZvU6kkxwBHxuBiGCnzugehwCNwkLUD4ZkPuf3QQD0zqTDDYkH5kyynz_fS7rnbXvw_kqp_PqWfEOOADQ8-mlZRzUBEA3tNjeCJI.kXHmi7vkGAleB7pgngCDFepEg_chtIvouZY09hxbruo&dib_tag=se&keywords=Iphone+15+PRO+max&qid=1736288191&sr=8-24&ufe=app_do%3Aamzn1.fos.de93fa6a-174c-4df7-be7c-5bc8e9c5a71b,"28,499"
https://www.amazon.com.mx/Spigen-Tough-Magfit-Compatible-iPhone/dp/B0C5S8F512/ref=sr_1_25?dib=eyJ2IjoiMSJ9.PnNHQko-fU1W20rjfSTUYp7gYOscIKlNtFZsRE-nuFFaAfT4M3eR_66EX9tdlV0cToLtsKmTqlsJBQNHSYnRdAbr5BXjZHieqdnufnXg47mG-AN_Jjdi5aTgRkxfmxblI1_YaaNkhatKf_C9LpPA5STXXurmT8eyX89R3mjpjrr8ntBk4lv5txpRUNT9M5mT1tPWufpPZvU6kkxwBHxuBiGCnzugehwCNwkLUD4ZkPuf3QQD0zqTDDYkH5kyynz_fS7rnbXvw_kqp_PqWfEOOADQ8-mlZRzUBEA3tNjeCJI.kXHmi7vkGAleB7pgngCDFepEg_chtIvouZY09hxbruo&dib_tag=se&keywords=Iphone+15+PRO+max&qid=1736288191&sr=8-25&ufe=app_do%3Aamzn1.fos.de93fa6a-174c-4df7-be7c-5bc8e9c5a71b,569
https://www.amazon.com.mx/JETech-Protector-Pulgadas-Antiara%C3%B1azos-Transparente/dp/B0CCJN9VZK/ref=sr_1_26?dib=eyJ2IjoiMSJ9.PnNHQko-fU1W20rjfSTUYp7gYOscIKlNtFZsRE-nuFFaAfT4M3eR_66EX9tdlV0cToLtsKmTqlsJBQNHSYnRdAbr5BXjZHieqdnufnXg47mG-AN_Jjdi5aTgRkxfmxblI1_YaaNkhatKf_C9LpPA5STXXurmT8eyX89R3mjpjrr8ntBk4lv5txpRUNT9M5mT1tPWufpPZvU6kkxwBHxuBiGCnzugehwCNwkLUD4ZkPuf3QQD0zqTDDYkH5kyynz_fS7rnbXvw_kqp_PqWfEOOADQ8-mlZRzUBEA3tNjeCJI.kXHmi7vkGAleB7pgngCDFepEg_chtIvouZY09hxbruo&dib_tag=se&keywords=Iphone+15+PRO+max&qid=1736288191&sr=8-26&ufe=app_do%3Aamzn1.fos.de93fa6a-174c-4df7-be7c-5bc8e9c5a71b,239
https://www.amazon.com.mx/Apple-iPhone-16-Ultramarino-Reacondicionado/dp/B0DHJGKNT1/ref=sr_1_27?dib=eyJ2IjoiMSJ9.PnNHQko-fU1W20rjfSTUYp7gYOscIKlNtFZsRE-nuFFaAfT4M3eR_66EX9tdlV0cToLtsKmTqlsJBQNHSYnRdAbr5BXjZHieqdnufnXg47mG-AN_Jjdi5aTgRkxfmxblI1_YaaNkhatKf_C9LpPA5STXXurmT8eyX89R3mjpjrr8ntBk4lv5txpRUNT9M5mT1tPWufpPZvU6kkxwBHxuBiGCnzugehwCNwkLUD4ZkPuf3QQD0zqTDDYkH5kyynz_fS7rnbXvw_kqp_PqWfEOOADQ8-mlZRzUBEA3tNjeCJI.kXHmi7vkGAleB7pgngCDFepEg_chtIvouZY09hxbruo&dib_tag=se&keywords=Iphone+15+PRO+max&qid=1736288191&sr=8-27,"18,528"
https://www.amazon.com.mx/Apple-iPhone-Titanio-Reacondicionado-Premium/dp/B0CRJRNTNS/ref=sr_1_28?dib=eyJ2IjoiMSJ9.PnNHQko-fU1W20rjfSTUYp7gYOscIKlNtFZsRE-nuFFaAfT4M3eR_66EX9tdlV0cToLtsKmTqlsJBQNHSYnRdAbr5BXjZHieqdnufnXg47mG-AN_Jjdi5aTgRkxfmxblI1_YaaNkhatKf_C9LpPA5STXXurmT8eyX89R3mjpjrr8ntBk4lv5txpRUNT9M5mT1tPWufpPZvU6kkxwBHxuBiGCnzugehwCNwkLUD4ZkPuf3QQD0zqTDDYkH5kyynz_fS7rnbXvw_kqp_PqWfEOOADQ8-mlZRzUBEA3tNjeCJI.kXHmi7vkGAleB7pgngCDFepEg_chtIvouZY09hxbruo&dib_tag=se&keywords=Iphone+15+PRO+max&qid=1736288191&sr=8-28,"19,967"
https://www.amazon.com.mx/UGREEN-Magn%C3%A9tico-Protecci%C3%B3n-Anti-Ca%C3%ADdas-Cepillada/dp/B0C8TMP9B1/ref=sr_1_29?dib=eyJ2IjoiMSJ9.PnNHQko-fU1W20rjfSTUYp7gYOscIKlNtFZsRE-nuFFaAfT4M3eR_66EX9tdlV0cToLtsKmTqlsJBQNHSYnRdAbr5BXjZHieqdnufnXg47mG-AN_Jjdi5aTgRkxfmxblI1_YaaNkhatKf_C9LpPA5STXXurmT8eyX89R3mjpjrr8ntBk4lv5txpRUNT9M5mT1tPWufpPZvU6kkxwBHxuBiGCnzugehwCNwkLUD4ZkPuf3QQD0zqTDDYkH5kyynz_fS7rnbXvw_kqp_PqWfEOOADQ8-mlZRzUBEA3tNjeCJI.kXHmi7vkGAleB7pgngCDFepEg_chtIvouZY09hxbruo&dib_tag=se&keywords=Iphone+15+PRO+max&qid=1736288191&sr=8-29&ufe=app_do%3Aamzn1.fos.de93fa6a-174c-4df7-be7c-5bc8e9c5a71b,499
https://www.amazon.com.mx/Spigen-magn%C3%A9tica-dise%C3%B1ada-protecci%C3%B3n-compatible/dp/B0CBD34N2V/ref=sr_1_30?dib=eyJ2IjoiMSJ9.PnNHQko-fU1W20rjfSTUYp7gYOscIKlNtFZsRE-nuFFaAfT4M3eR_66EX9tdlV0cToLtsKmTqlsJBQNHSYnRdAbr5BXjZHieqdnufnXg47mG-AN_Jjdi5aTgRkxfmxblI1_YaaNkhatKf_C9LpPA5STXXurmT8eyX89R3mjpjrr8ntBk4lv5txpRUNT9M5mT1tPWufpPZvU6kkxwBHxuBiGCnzugehwCNwkLUD4ZkPuf3QQD0zqTDDYkH5kyynz_fS7rnbXvw_kqp_PqWfEOOADQ8-mlZRzUBEA3tNjeCJI.kXHmi7vkGAleB7pgngCDFepEg_chtIvouZY09hxbruo&dib_tag=se&keywords=Iphone+15+PRO+max&qid=1736288191&sr=8-30&ufe=app_do%3Aamzn1.fos.de93fa6a-174c-4df7-be7c-5bc8e9c5a71b,908
https://www.amazon.com.mx/Apple-iPhone-128GB-Medianoche-Desbloqueado/dp/B0BNLTQR8G/ref=sr_1_31?dib=eyJ2IjoiMSJ9.PnNHQko-fU1W20rjfSTUYp7gYOscIKlNtFZsRE-nuFFaAfT4M3eR_66EX9tdlV0cToLtsKmTqlsJBQNHSYnRdAbr5BXjZHieqdnufnXg47mG-AN_Jjdi5aTgRkxfmxblI1_YaaNkhatKf_C9LpPA5STXXurmT8eyX89R3mjpjrr8ntBk4lv5txpRUNT9M5mT1tPWufpPZvU6kkxwBHxuBiGCnzugehwCNwkLUD4ZkPuf3QQD0zqTDDYkH5kyynz_fS7rnbXvw_kqp_PqWfEOOADQ8-mlZRzUBEA3tNjeCJI.kXHmi7vkGAleB7pgngCDFepEg_chtIvouZY09hxbruo&dib_tag=se&keywords=Iphone+15+PRO+max&qid=1736288191&sr=8-31,"10,219"
https://www.amazon.com.mx/Apple-iPhone-13-128GB-Negro/dp/B09LNP1ZHT/ref=sr_1_32?dib=eyJ2IjoiMSJ9.PnNHQko-fU1W20rjfSTUYp7gYOscIKlNtFZsRE-nuFFaAfT4M3eR_66EX9tdlV0cToLtsKmTqlsJBQNHSYnRdAbr5BXjZHieqdnufnXg47mG-AN_Jjdi5aTgRkxfmxblI1_YaaNkhatKf_C9LpPA5STXXurmT8eyX89R3mjpjrr8ntBk4lv5txpRUNT9M5mT1tPWufpPZvU6kkxwBHxuBiGCnzugehwCNwkLUD4ZkPuf3QQD0zqTDDYkH5kyynz_fS7rnbXvw_kqp_PqWfEOOADQ8-mlZRzUBEA3tNjeCJI.kXHmi7vkGAleB7pgngCDFepEg_chtIvouZY09hxbruo&dib_tag=se&keywords=Iphone+15+PRO+max&qid=1736288191&sr=8-32,"8,999"
https://www.amazon.com.mx/Apple-Funda-silic%C3%B3n-MagSafe-iPhone/dp/B0CX22GS7K/ref=sr_1_33?dib=eyJ2IjoiMSJ9.PnNHQko-fU1W20rjfSTUYp7gYOscIKlNtFZsRE-nuFFaAfT4M3eR_66EX9tdlV0cToLtsKmTqlsJBQNHSYnRdAbr5BXjZHieqdnufnXg47mG-AN_Jjdi5aTgRkxfmxblI1_YaaNkhatKf_C9LpPA5STXXurmT8eyX89R3mjpjrr8ntBk4lv5txpRUNT9M5mT1tPWufpPZvU6kkxwBHxuBiGCnzugehwCNwkLUD4ZkPuf3QQD0zqTDDYkH5kyynz_fS7rnbXvw_kqp_PqWfEOOADQ8-mlZRzUBEA3tNjeCJI.kXHmi7vkGAleB7pgngCDFepEg_chtIvouZY09hxbruo&dib_tag=se&keywords=Iphone+15+PRO+max&qid=1736288191&sr=8-33&ufe=app_do%3Aamzn1.fos.de93fa6a-174c-4df7-be7c-5bc8e9c5a71b,"1,099"
https://www.amazon.com.mx/Apple-iPhone-15-128-GB/dp/B0CHX9DZFR/ref=sr_1_34?dib=eyJ2IjoiMSJ9.PnNHQko-fU1W20rjfSTUYp7gYOscIKlNtFZsRE-nuFFaAfT4M3eR_66EX9tdlV0cToLtsKmTqlsJBQNHSYnRdAbr5BXjZHieqdnufnXg47mG-AN_Jjdi5aTgRkxfmxblI1_YaaNkhatKf_C9LpPA5STXXurmT8eyX89R3mjpjrr8ntBk4lv5txpRUNT9M5mT1tPWufpPZvU6kkxwBHxuBiGCnzugehwCNwkLUD4ZkPuf3QQD0zqTDDYkH5kyynz_fS7rnbXvw_kqp_PqWfEOOADQ8-mlZRzUBEA3tNjeCJI.kXHmi7vkGAleB7pgngCDFepEg_chtIvouZY09hxbruo&dib_tag=se&keywords=Iphone+15+PRO+max&qid=1736288191&sr=8-34&ufe=app_do%3Aamzn1.fos.666fddd9-7345-4183-b0a8-29250f70baf9,"17,499"
https://www.amazon.com.mx/JETech-Silicona-Pulgadas-Protectora-Antigolpes/dp/B0CCJFQWJH/ref=sr_1_35?dib=eyJ2IjoiMSJ9.PnNHQko-fU1W20rjfSTUYp7gYOscIKlNtFZsRE-nuFFaAfT4M3eR_66EX9tdlV0cToLtsKmTqlsJBQNHSYnRdAbr5BXjZHieqdnufnXg47mG-AN_Jjdi5aTgRkxfmxblI1_YaaNkhatKf_C9LpPA5STXXurmT8eyX89R3mjpjrr8ntBk4lv5txpRUNT9M5mT1tPWufpPZvU6kkxwBHxuBiGCnzugehwCNwkLUD4ZkPuf3QQD0zqTDDYkH5kyynz_fS7rnbXvw_kqp_PqWfEOOADQ8-mlZRzUBEA3tNjeCJI.kXHmi7vkGAleB7pgngCDFepEg_chtIvouZY09hxbruo&dib_tag=se&keywords=Iphone+15+PRO+max&qid=1736288191&sr=8-35&ufe=app_do%3Aamzn1.fos.de93fa6a-174c-4df7-be7c-5bc8e9c5a71b,239
https://www.amazon.com.mx/Apple-iPhone-128GB-Titanio-Natural/dp/B0CRJ1MYNR/ref=sr_1_36?dib=eyJ2IjoiMSJ9.PnNHQko-fU1W20rjfSTUYp7gYOscIKlNtFZsRE-nuFFaAfT4M3eR_66EX9tdlV0cToLtsKmTqlsJBQNHSYnRdAbr5BXjZHieqdnufnXg47mG-AN_Jjdi5aTgRkxfmxblI1_YaaNkhatKf_C9LpPA5STXXurmT8eyX89R3mjpjrr8ntBk4lv5txpRUNT9M5mT1tPWufpPZvU6kkxwBHxuBiGCnzugehwCNwkLUD4ZkPuf3QQD0zqTDDYkH5kyynz_fS7rnbXvw_kqp_PqWfEOOADQ8-mlZRzUBEA3tNjeCJI.kXHmi7vkGAleB7pgngCDFepEg_chtIvouZY09hxbruo&dib_tag=se&keywords=Iphone+15+PRO+max&qid=1736288191&sr=8-36,"19,237"
https://www.amazon.com.mx/Spigen-Liquid-Compatible-Apple-iPhone/dp/B0C5S8GBZJ/ref=sr_1_37?dib=eyJ2IjoiMSJ9.PnNHQko-fU1W20rjfSTUYp7gYOscIKlNtFZsRE-nuFFaAfT4M3eR_66EX9tdlV0cToLtsKmTqlsJBQNHSYnRdAbr5BXjZHieqdnufnXg47mG-AN_Jjdi5aTgRkxfmxblI1_YaaNkhatKf_C9LpPA5STXXurmT8eyX89R3mjpjrr8ntBk4lv5txpRUNT9M5mT1tPWufpPZvU6kkxwBHxuBiGCnzugehwCNwkLUD4ZkPuf3QQD0zqTDDYkH5kyynz_fS7rnbXvw_kqp_PqWfEOOADQ8-mlZRzUBEA3tNjeCJI.kXHmi7vkGAleB7pgngCDFepEg_chtIvouZY09hxbruo&dib_tag=se&keywords=Iphone+15+PRO+max&qid=1736288191&sr=8-37&ufe=app_do%3Aamzn1.fos.de93fa6a-174c-4df7-be7c-5bc8e9c5a71b,465
https://www.amazon.com.mx/elago-Compatible-Protectora-Estructura-Antiara%C3%B1azos/dp/B0CBJD9NN9/ref=sr_1_38?dib=eyJ2IjoiMSJ9.PnNHQko-fU1W20rjfSTUYp7gYOscIKlNtFZsRE-nuFFaAfT4M3eR_66EX9tdlV0cToLtsKmTqlsJBQNHSYnRdAbr5BXjZHieqdnufnXg47mG-AN_Jjdi5aTgRkxfmxblI1_YaaNkhatKf_C9LpPA5STXXurmT8eyX89R3mjpjrr8ntBk4lv5txpRUNT9M5mT1tPWufpPZvU6kkxwBHxuBiGCnzugehwCNwkLUD4ZkPuf3QQD0zqTDDYkH5kyynz_fS7rnbXvw_kqp_PqWfEOOADQ8-mlZRzUBEA3tNjeCJI.kXHmi7vkGAleB7pgngCDFepEg_chtIvouZY09hxbruo&dib_tag=se&keywords=Iphone+15+PRO+max&qid=1736288191&sr=8-38&ufe=app_do%3Aamzn1.fos.de93fa6a-174c-4df7-be7c-5bc8e9c5a71b,349
https://www.amazon.com.mx/JETech-Protector-Privacidad-Antiespia-Instalaci%C3%B3n/dp/B0CCJNL1M8/ref=sr_1_39?dib=eyJ2IjoiMSJ9.PnNHQko-fU1W20rjfSTUYp7gYOscIKlNtFZsRE-nuFFaAfT4M3eR_66EX9tdlV0cToLtsKmTqlsJBQNHSYnRdAbr5BXjZHieqdnufnXg47mG-AN_Jjdi5aTgRkxfmxblI1_YaaNkhatKf_C9LpPA5STXXurmT8eyX89R3mjpjrr8ntBk4lv5txpRUNT9M5mT1tPWufpPZvU6kkxwBHxuBiGCnzugehwCNwkLUD4ZkPuf3QQD0zqTDDYkH5kyynz_fS7rnbXvw_kqp_PqWfEOOADQ8-mlZRzUBEA3tNjeCJI.kXHmi7vkGAleB7pgngCDFepEg_chtIvouZY09hxbruo&dib_tag=se&keywords=Iphone+15+PRO+max&qid=1736288191&sr=8-39&ufe=app_do%3Aamzn1.fos.de93fa6a-174c-4df7-be7c-5bc8e9c5a71b,269
https://www.amazon.com.mx/JETech-Protector-Herramienta-Instalaci%C3%B3n-Transparente/dp/B0CKMC7TWV/ref=sr_1_40?dib=eyJ2IjoiMSJ9.PnNHQko-fU1W20rjfSTUYp7gYOscIKlNtFZsRE-nuFFaAfT4M3eR_66EX9tdlV0cToLtsKmTqlsJBQNHSYnRdAbr5BXjZHieqdnufnXg47mG-AN_Jjdi5aTgRkxfmxblI1_YaaNkhatKf_C9LpPA5STXXurmT8eyX89R3mjpjrr8ntBk4lv5txpRUNT9M5mT1tPWufpPZvU6kkxwBHxuBiGCnzugehwCNwkLUD4ZkPuf3QQD0zqTDDYkH5kyynz_fS7rnbXvw_kqp_PqWfEOOADQ8-mlZRzUBEA3tNjeCJI.kXHmi7vkGAleB7pgngCDFepEg_chtIvouZY09hxbruo&dib_tag=se&keywords=Iphone+15+PRO+max&qid=1736288191&sr=8-40&ufe=app_do%3Aamzn1.fos.de93fa6a-174c-4df7-be7c-5bc8e9c5a71b,199
https://www.amazon.com.mx/Ringke-Onyx-Compatible-Antideslizante-Antigolpes/dp/B0CTR5YFZS/ref=sr_1_41?dib=eyJ2IjoiMSJ9.PnNHQko-fU1W20rjfSTUYp7gYOscIKlNtFZsRE-nuFFaAfT4M3eR_66EX9tdlV0cToLtsKmTqlsJBQNHSYnRdAbr5BXjZHieqdnufnXg47mG-AN_Jjdi5aTgRkxfmxblI1_YaaNkhatKf_C9LpPA5STXXurmT8eyX89R3mjpjrr8ntBk4lv5txpRUNT9M5mT1tPWufpPZvU6kkxwBHxuBiGCnzugehwCNwkLUD4ZkPuf3QQD0zqTDDYkH5kyynz_fS7rnbXvw_kqp_PqWfEOOADQ8-mlZRzUBEA3tNjeCJI.kXHmi7vkGAleB7pgngCDFepEg_chtIvouZY09hxbruo&dib_tag=se&keywords=Iphone+15+PRO+max&qid=1736288191&sr=8-41&ufe=app_do%3Aamzn1.fos.de93fa6a-174c-4df7-be7c-5bc8e9c5a71b,260
https://www.amazon.com.mx/Apple-iPhone-Titanio-Reacondicionado-Premium/dp/B0CRJ21Q9P/ref=sr_1_42?dib=eyJ2IjoiMSJ9.PnNHQko-fU1W20rjfSTUYp7gYOscIKlNtFZsRE-nuFFaAfT4M3eR_66EX9tdlV0cToLtsKmTqlsJBQNHSYnRdAbr5BXjZHieqdnufnXg47mG-AN_Jjdi5aTgRkxfmxblI1_YaaNkhatKf_C9LpPA5STXXurmT8eyX89R3mjpjrr8ntBk4lv5txpRUNT9M5mT1tPWufpPZvU6kkxwBHxuBiGCnzugehwCNwkLUD4ZkPuf3QQD0zqTDDYkH5kyynz_fS7rnbXvw_kqp_PqWfEOOADQ8-mlZRzUBEA3tNjeCJI.kXHmi7vkGAleB7pgngCDFepEg_chtIvouZY09hxbruo&dib_tag=se&keywords=Iphone+15+PRO+max&qid=1736288191&sr=8-42,"19,237"
https://www.amazon.com.mx/Lamicall-Magn%C3%A9tica-Antideslizante-Protecci%C3%B3n-Compatible/dp/B0CFFN68Z6/ref=sr_1_43?dib=eyJ2IjoiMSJ9.PnNHQko-fU1W20rjfSTUYp7gYOscIKlNtFZsRE-nuFFaAfT4M3eR_66EX9tdlV0cToLtsKmTqlsJBQNHSYnRdAbr5BXjZHieqdnufnXg47mG-AN_Jjdi5aTgRkxfmxblI1_YaaNkhatKf_C9LpPA5STXXurmT8eyX89R3mjpjrr8ntBk4lv5txpRUNT9M5mT1tPWufpPZvU6kkxwBHxuBiGCnzugehwCNwkLUD4ZkPuf3QQD0zqTDDYkH5kyynz_fS7rnbXvw_kqp_PqWfEOOADQ8-mlZRzUBEA3tNjeCJI.kXHmi7vkGAleB7pgngCDFepEg_chtIvouZY09hxbruo&dib_tag=se&keywords=Iphone+15+PRO+max&qid=1736288191&sr=8-43&ufe=app_do%3Aamzn1.fos.de93fa6a-174c-4df7-be7c-5bc8e9c5a71b,349
https://www.amazon.com.mx/UGREEN-Inal%C3%A1mbrico-Magn%C3%A9tico-Powerbank-Compatible/dp/B0CCS45HHX/ref=sr_1_44?dib=eyJ2IjoiMSJ9.PnNHQko-fU1W20rjfSTUYp7gYOscIKlNtFZsRE-nuFFaAfT4M3eR_66EX9tdlV0cToLtsKmTqlsJBQNHSYnRdAbr5BXjZHieqdnufnXg47mG-AN_Jjdi5aTgRkxfmxblI1_YaaNkhatKf_C9LpPA5STXXurmT8eyX89R3mjpjrr8ntBk4lv5txpRUNT9M5mT1tPWufpPZvU6kkxwBHxuBiGCnzugehwCNwkLUD4ZkPuf3QQD0zqTDDYkH5kyynz_fS7rnbXvw_kqp_PqWfEOOADQ8-mlZRzUBEA3tNjeCJI.kXHmi7vkGAleB7pgngCDFepEg_chtIvouZY09hxbruo&dib_tag=se&keywords=Iphone+15+PRO+max&qid=1736288191&sr=8-44&ufe=app_do%3Aamzn1.fos.de93fa6a-174c-4df7-be7c-5bc8e9c5a71b,706
https://www.amazon.com.mx/Apple-iPhone-512GB-Deep-Purple/dp/B0BYLQS112/ref=sr_1_45?dib=eyJ2IjoiMSJ9.PnNHQko-fU1W20rjfSTUYp7gYOscIKlNtFZsRE-nuFFaAfT4M3eR_66EX9tdlV0cToLtsKmTqlsJBQNHSYnRdAbr5BXjZHieqdnufnXg47mG-AN_Jjdi5aTgRkxfmxblI1_YaaNkhatKf_C9LpPA5STXXurmT8eyX89R3mjpjrr8ntBk4lv5txpRUNT9M5mT1tPWufpPZvU6kkxwBHxuBiGCnzugehwCNwkLUD4ZkPuf3QQD0zqTDDYkH5kyynz_fS7rnbXvw_kqp_PqWfEOOADQ8-mlZRzUBEA3tNjeCJI.kXHmi7vkGAleB7pgngCDFepEg_chtIvouZY09hxbruo&dib_tag=se&keywords=Iphone+15+PRO+max&qid=1736288191&sr=8-45,"23,432"
https://www.amazon.com.mx/JETech-Protector-Herramienta-Instalaci%C3%B3n-Transparente/dp/B0CCJNY7TK/ref=sr_1_46?dib=eyJ2IjoiMSJ9.PnNHQko-fU1W20rjfSTUYp7gYOscIKlNtFZsRE-nuFFaAfT4M3eR_66EX9tdlV0cToLtsKmTqlsJBQNHSYnRdAbr5BXjZHieqdnufnXg47mG-AN_Jjdi5aTgRkxfmxblI1_YaaNkhatKf_C9LpPA5STXXurmT8eyX89R3mjpjrr8ntBk4lv5txpRUNT9M5mT1tPWufpPZvU6kkxwBHxuBiGCnzugehwCNwkLUD4ZkPuf3QQD0zqTDDYkH5kyynz_fS7rnbXvw_kqp_PqWfEOOADQ8-mlZRzUBEA3tNjeCJI.kXHmi7vkGAleB7pgngCDFepEg_chtIvouZY09hxbruo&dib_tag=se&keywords=Iphone+15+PRO+max&qid=1736288191&sr=8-46&ufe=app_do%3Aamzn1.fos.de93fa6a-174c-4df7-be7c-5bc8e9c5a71b,229
https://www.amazon.com.mx/UGREEN-Inal%C3%A1mbrico-Magn%C3%A9tica-Compatible-Adaptador/dp/B0CPDJLJ67/ref=sr_1_47?dib=eyJ2IjoiMSJ9.PnNHQko-fU1W20rjfSTUYp7gYOscIKlNtFZsRE-nuFFaAfT4M3eR_66EX9tdlV0cToLtsKmTqlsJBQNHSYnRdAbr5BXjZHieqdnufnXg47mG-AN_Jjdi5aTgRkxfmxblI1_YaaNkhatKf_C9LpPA5STXXurmT8eyX89R3mjpjrr8ntBk4lv5txpRUNT9M5mT1tPWufpPZvU6kkxwBHxuBiGCnzugehwCNwkLUD4ZkPuf3QQD0zqTDDYkH5kyynz_fS7rnbXvw_kqp_PqWfEOOADQ8-mlZRzUBEA3tNjeCJI.kXHmi7vkGAleB7pgngCDFepEg_chtIvouZY09hxbruo&dib_tag=se&keywords=Iphone+15+PRO+max&qid=1736288191&sr=8-47&ufe=app_do%3Aamzn1.fos.de93fa6a-174c-4df7-be7c-5bc8e9c5a71b,"1,399"
https://www.amazon.com.mx/elago-Compatible-Accesorios-Integrados-Protectora/dp/B0C9Z7N95W/ref=sr_1_48?dib=eyJ2IjoiMSJ9.PnNHQko-fU1W20rjfSTUYp7gYOscIKlNtFZsRE-nuFFaAfT4M3eR_66EX9tdlV0cToLtsKmTqlsJBQNHSYnRdAbr5BXjZHieqdnufnXg47mG-AN_Jjdi5aTgRkxfmxblI1_YaaNkhatKf_C9LpPA5STXXurmT8eyX89R3mjpjrr8ntBk4lv5txpRUNT9M5mT1tPWufpPZvU6kkxwBHxuBiGCnzugehwCNwkLUD4ZkPuf3QQD0zqTDDYkH5kyynz_fS7rnbXvw_kqp_PqWfEOOADQ8-mlZRzUBEA3tNjeCJI.kXHmi7vkGAleB7pgngCDFepEg_chtIvouZY09hxbruo&dib_tag=se&keywords=Iphone+15+PRO+max&qid=1736288191&sr=8-48&ufe=app_do%3Aamzn1.fos.de93fa6a-174c-4df7-be7c-5bc8e9c5a71b,409
https://www.amazon.com.mx/UGREEN-Protector-Antiara%C3%B1azos-Antihuellas-Instalaci%C3%B3n/dp/B0CBJZMX5H/ref=sr_1_49?dib=eyJ2IjoiMSJ9.PnNHQko-fU1W20rjfSTUYp7gYOscIKlNtFZsRE-nuFFaAfT4M3eR_66EX9tdlV0cToLtsKmTqlsJBQNHSYnRdAbr5BXjZHieqdnufnXg47mG-AN_Jjdi5aTgRkxfmxblI1_YaaNkhatKf_C9LpPA5STXXurmT8eyX89R3mjpjrr8ntBk4lv5txpRUNT9M5mT1tPWufpPZvU6kkxwBHxuBiGCnzugehwCNwkLUD4ZkPuf3QQD0zqTDDYkH5kyynz_fS7rnbXvw_kqp_PqWfEOOADQ8-mlZRzUBEA3tNjeCJI.kXHmi7vkGAleB7pgngCDFepEg_chtIvouZY09hxbruo&dib_tag=se&keywords=Iphone+15+PRO+max&qid=1736288191&sr=8-49&ufe=app_do%3Aamzn1.fos.de93fa6a-174c-4df7-be7c-5bc8e9c5a71b,349
https://www.amazon.com.mx/sspa/click?ie=UTF8&spc=MTo0ODk0ODQyMDg5NTc4OTk5OjE3MzYyODgxOTE6c3BfYnRmOjMwMDU2NjA1NzM3MzUwMjo6MDo6&url=%2FApple-iPhone-Pro-MAX-Reacondicionado%2Fdp%2FB0CLPY3SKF%2Fref%3Dsr_1_50_sspa%3Fdib%3DeyJ2IjoiMSJ9.PnNHQko-fU1W20rjfSTUYp7gYOscIKlNtFZsRE-nuFFaAfT4M3eR_66EX9tdlV0cToLtsKmTqlsJBQNHSYnRdAbr5BXjZHieqdnufnXg47mG-AN_Jjdi5aTgRkxfmxblI1_YaaNkhatKf_C9LpPA5STXXurmT8eyX89R3mjpjrr8ntBk4lv5txpRUNT9M5mT1tPWufpPZvU6kkxwBHxuBiGCnzugehwCNwkLUD4ZkPuf3QQD0zqTDDYkH5kyynz_fS7rnbXvw_kqp_PqWfEOOADQ8-mlZRzUBEA3tNjeCJI.kXHmi7vkGAleB7pgngCDFepEg_chtIvouZY09hxbruo%26dib_tag%3Dse%26keywords%3DIphone%2B15%2BPRO%2Bmax%26qid%3D1736288191%26sr%3D8-50-spons%26sp_csd%3Dd2lkZ2V0TmFtZT1zcF9idGY%26psc%3D1,"22,377"
https://www.amazon.com.mx/sspa/click?ie=UTF8&spc=MTo0ODk0ODQyMDg5NTc4OTk5OjE3MzYyODgxOTE6c3BfYnRmOjMwMDU5MDQ3MDgzOTAwMjo6MDo6&url=%2FJIAONASHIJIA-compatible-MagSafe-ajustable-militar%2Fdp%2FB0DM5L8VFZ%2Fref%3Dsr_1_51_sspa%3Fdib%3DeyJ2IjoiMSJ9.PnNHQko-fU1W20rjfSTUYp7gYOscIKlNtFZsRE-nuFFaAfT4M3eR_66EX9tdlV0cToLtsKmTqlsJBQNHSYnRdAbr5BXjZHieqdnufnXg47mG-AN_Jjdi5aTgRkxfmxblI1_YaaNkhatKf_C9LpPA5STXXurmT8eyX89R3mjpjrr8ntBk4lv5txpRUNT9M5mT1tPWufpPZvU6kkxwBHxuBiGCnzugehwCNwkLUD4ZkPuf3QQD0zqTDDYkH5kyynz_fS7rnbXvw_kqp_PqWfEOOADQ8-mlZRzUBEA3tNjeCJI.kXHmi7vkGAleB7pgngCDFepEg_chtIvouZY09hxbruo%26dib_tag%3Dse%26keywords%3DIphone%2B15%2BPRO%2Bmax%26qid%3D1736288191%26sr%3D8-51-spons%26ufe%3Dapp_do%253Aamzn1.fos.de93fa6a-174c-4df7-be7c-5bc8e9c5a71b%26sp_csd%3Dd2lkZ2V0TmFtZT1zcF9idGY%26psc%3D1,793
https://www.amazon.com.mx/sspa/click?ie=UTF8&spc=MTo0ODk0ODQyMDg5NTc4OTk5OjE3MzYyODgxOTE6c3BfYnRmOjMwMDU2NjA1NzM3MjcwMjo6MDo6&url=%2FApple-iPhone-Pro-128-Reacondicionado%2Fdp%2FB0CLPNY48J%2Fref%3Dsr_1_52_sspa%3Fdib%3DeyJ2IjoiMSJ9.PnNHQko-fU1W20rjfSTUYp7gYOscIKlNtFZsRE-nuFFaAfT4M3eR_66EX9tdlV0cToLtsKmTqlsJBQNHSYnRdAbr5BXjZHieqdnufnXg47mG-AN_Jjdi5aTgRkxfmxblI1_YaaNkhatKf_C9LpPA5STXXurmT8eyX89R3mjpjrr8ntBk4lv5txpRUNT9M5mT1tPWufpPZvU6kkxwBHxuBiGCnzugehwCNwkLUD4ZkPuf3QQD0zqTDDYkH5kyynz_fS7rnbXvw_kqp_PqWfEOOADQ8-mlZRzUBEA3tNjeCJI.kXHmi7vkGAleB7pgngCDFepEg_chtIvouZY09hxbruo%26dib_tag%3Dse%26keywords%3DIphone%2B15%2BPRO%2Bmax%26qid%3D1736288191%26sr%3D8-52-spons%26sp_csd%3Dd2lkZ2V0TmFtZT1zcF9idGY%26psc%3D1,"16,991"
https://www.amazon.com.mx/sspa/click?ie=UTF8&spc=MTo0ODk0ODQyMDg5NTc4OTk5OjE3MzYyODgxOTE6c3BfYnRmOjMwMDEzNTA4NDg2NzQwMjo6MDo6&url=%2FJETech-Pulgadas-Antigolpes-Respaldo-Transparente%2Fdp%2FB0CPFC1SRW%2Fref%3Dsr_1_53_sspa%3Fdib%3DeyJ2IjoiMSJ9.PnNHQko-fU1W20rjfSTUYp7gYOscIKlNtFZsRE-nuFFaAfT4M3eR_66EX9tdlV0cToLtsKmTqlsJBQNHSYnRdAbr5BXjZHieqdnufnXg47mG-AN_Jjdi5aTgRkxfmxblI1_YaaNkhatKf_C9LpPA5STXXurmT8eyX89R3mjpjrr8ntBk4lv5txpRUNT9M5mT1tPWufpPZvU6kkxwBHxuBiGCnzugehwCNwkLUD4ZkPuf3QQD0zqTDDYkH5kyynz_fS7rnbXvw_kqp_PqWfEOOADQ8-mlZRzUBEA3tNjeCJI.kXHmi7vkGAleB7pgngCDFepEg_chtIvouZY09hxbruo%26dib_tag%3Dse%26keywords%3DIphone%2B15%2BPRO%2Bmax%26qid%3D1736288191%26sr%3D8-53-spons%26ufe%3Dapp_do%253Aamzn1.fos.de93fa6a-174c-4df7-be7c-5bc8e9c5a71b%26sp_csd%3Dd2lkZ2V0TmFtZT1zcF9idGY%26psc%3D1,239
https://www.amazon.com.mx/sspa/click?ie=UTF8&spc=MTo0ODk0ODQyMDg5NTc4OTk5OjE3MzYyODgxOTE6c3BfYnRmOjMwMDA0OTU2Mzk0MDAwMjo6MDo6&url=%2FJETech-Pulgadas-Antigolpes-Brillante-Transparente%2Fdp%2FB0CCXQL19Z%2Fref%3Dsr_1_54_sspa%3Fdib%3DeyJ2IjoiMSJ9.PnNHQko-fU1W20rjfSTUYp7gYOscIKlNtFZsRE-nuFFaAfT4M3eR_66EX9tdlV0cToLtsKmTqlsJBQNHSYnRdAbr5BXjZHieqdnufnXg47mG-AN_Jjdi5aTgRkxfmxblI1_YaaNkhatKf_C9LpPA5STXXurmT8eyX89R3mjpjrr8ntBk4lv5txpRUNT9M5mT1tPWufpPZvU6kkxwBHxuBiGCnzugehwCNwkLUD4ZkPuf3QQD0zqTDDYkH5kyynz_fS7rnbXvw_kqp_PqWfEOOADQ8-mlZRzUBEA3tNjeCJI.kXHmi7vkGAleB7pgngCDFepEg_chtIvouZY09hxbruo%26dib_tag%3Dse%26keywords%3DIphone%2B15%2BPRO%2Bmax%26qid%3D1736288191%26sr%3D8-54-spons%26ufe%3Dapp_do%253Aamzn1.fos.de93fa6a-174c-4df7-be7c-5bc8e9c5a71b%26sp_csd%3Dd2lkZ2V0TmFtZT1zcF9idGY%26psc%3D1,259
https://www.amazon.com.mx/sspa/click?ie=UTF8&spc=MTo0ODk0ODQyMDg5NTc4OTk5OjE3MzYyODgxOTE6c3BfYnRmOjMwMDYyMDU0MTI2MzAwMjo6MDo6&url=%2FTUMI-Funda-Olas-para-iPhone%2Fdp%2FB0D4CGM5YL%2Fref%3Dsr_1_55_sspa%3Fdib%3DeyJ2IjoiMSJ9.PnNHQko-fU1W20rjfSTUYp7gYOscIKlNtFZsRE-nuFFaAfT4M3eR_66EX9tdlV0cToLtsKmTqlsJBQNHSYnRdAbr5BXjZHieqdnufnXg47mG-AN_Jjdi5aTgRkxfmxblI1_YaaNkhatKf_C9LpPA5STXXurmT8eyX89R3mjpjrr8ntBk4lv5txpRUNT9M5mT1tPWufpPZvU6kkxwBHxuBiGCnzugehwCNwkLUD4ZkPuf3QQD0zqTDDYkH5kyynz_fS7rnbXvw_kqp_PqWfEOOADQ8-mlZRzUBEA3tNjeCJI.kXHmi7vkGAleB7pgngCDFepEg_chtIvouZY09hxbruo%26dib_tag%3Dse%26keywords%3DIphone%2B15%2BPRO%2Bmax%26qid%3D1736288191%26sr%3D8-55-spons%26ufe%3Dapp_do%253Aamzn1.fos.de93fa6a-174c-4df7-be7c-5bc8e9c5a71b%26sp_csd%3Dd2lkZ2V0TmFtZT1zcF9idGY%26psc%3D1,749
https://www.amazon.com.mx/sspa/click?ie=UTF8&spc=MTo0ODk0ODQyMDg5NTc4OTk5OjE3MzYyODgxOTE6c3BfYnRmOjMwMDA3MTY4MDk3NDEwMjo6MDo6&url=%2FJETech-Compatible-Protecci%25C3%25B3n-Antigolpes-Protectora%2Fdp%2FB0CD3YG1SP%2Fref%3Dsr_1_56_sspa%3Fdib%3DeyJ2IjoiMSJ9.PnNHQko-fU1W20rjfSTUYp7gYOscIKlNtFZsRE-nuFFaAfT4M3eR_66EX9tdlV0cToLtsKmTqlsJBQNHSYnRdAbr5BXjZHieqdnufnXg47mG-AN_Jjdi5aTgRkxfmxblI1_YaaNkhatKf_C9LpPA5STXXurmT8eyX89R3mjpjrr8ntBk4lv5txpRUNT9M5mT1tPWufpPZvU6kkxwBHxuBiGCnzugehwCNwkLUD4ZkPuf3QQD0zqTDDYkH5kyynz_fS7rnbXvw_kqp_PqWfEOOADQ8-mlZRzUBEA3tNjeCJI.kXHmi7vkGAleB7pgngCDFepEg_chtIvouZY09hxbruo%26dib_tag%3Dse%26keywords%3DIphone%2B15%2BPRO%2Bmax%26qid%3D1736288191%26sr%3D8-56-spons%26ufe%3Dapp_do%253Aamzn1.fos.de93fa6a-174c-4df7-be7c-5bc8e9c5a71b%26sp_csd%3Dd2lkZ2V0TmFtZT1zcF9idGY%26psc%3D1,359
https://www.amazon.com.mx/sspa/click?ie=UTF8&spc=MTo0ODk0ODQyMDg5NTc4OTk5OjE3MzYyODgxOTE6c3BfYnRmOjMwMDQzMzQ3NDc4OTUwMjo6MDo6&url=%2FBritish-Modules-visualizaci%25C3%25B3n-transparente-autoadherente%2Fdp%2FB0D58CTH98%2Fref%3Dsr_1_57_sspa%3Fdib%3DeyJ2IjoiMSJ9.PnNHQko-fU1W20rjfSTUYp7gYOscIKlNtFZsRE-nuFFaAfT4M3eR_66EX9tdlV0cToLtsKmTqlsJBQNHSYnRdAbr5BXjZHieqdnufnXg47mG-AN_Jjdi5aTgRkxfmxblI1_YaaNkhatKf_C9LpPA5STXXurmT8eyX89R3mjpjrr8ntBk4lv5txpRUNT9M5mT1tPWufpPZvU6kkxwBHxuBiGCnzugehwCNwkLUD4ZkPuf3QQD0zqTDDYkH5kyynz_fS7rnbXvw_kqp_PqWfEOOADQ8-mlZRzUBEA3tNjeCJI.kXHmi7vkGAleB7pgngCDFepEg_chtIvouZY09hxbruo%26dib_tag%3Dse%26keywords%3DIphone%2B15%2BPRO%2Bmax%26qid%3D1736288191%26sr%3D8-57-spons%26ufe%3Dapp_do%253Aamzn1.fos.de93fa6a-174c-4df7-be7c-5bc8e9c5a71b%26sp_csd%3Dd2lkZ2V0TmFtZT1zcF9idGY%26psc%3D1,127
https://www.amazon.com.mx/sspa/click?ie=UTF8&spc=MToyMTExNDc4OTQ1NDYxOTA0OjE3MzYyODgxOTI6c3BfYXRmX25leHQ6MzAwMDUxMzI1MjMyNDAyOjowOjo&url=%2FApple-iPhone-Pro-MAX-256%2Fdp%2FB0CHX2VY2H%2Fref%3Dsr_1_49_sspa%3Fdib%3DeyJ2IjoiMSJ9.Cd1pRR8sfAGFMqqaIMKNkxq0TCaKiUV2dQ7h7oxbAarX2fyHvSUHOwQN4xxbkGn3QHkIlAdCJKCUheGNjDLn0KkYss--Jru38XZSPrsX7UW0wOGuLF_3B4xuX9OY6zElvUR1d7X7rDyAHmJlIEfT_YXz6a2eo7oJsVzDKfny-SL0OHHq3paZhSGbePqtnZj-4Zm6HOrZaecLqudSOu1Yb_V1xUvH0moqztfQxAbTP89qUqAGvOb6E-EtHC3MzgphP1DijigI1Uj2dAZLX1rA8ENmJpeNrawlD5XnjA7Ea8Y.2J7McXlvDN4g4zPknUgI2SEjFh7vzvubT-7RwXCznfE%26dib_tag%3Dse%26keywords%3DIphone%2B15%2BPRO%2Bmax%26qid%3D1736288192%26sr%3D8-49-spons%26ufe%3Dapp_do%253Aamzn1.fos.666fddd9-7345-4183-b0a8-29250f70baf9%26xpid%3DKEOR6Fqxf18Sy%26sp_csd%3Dd2lkZ2V0TmFtZT1zcF9hdGZfbmV4dA%26psc%3D1,"28,499"
https://www.amazon.com.mx/sspa/click?ie=UTF8&spc=MToyMTExNDc4OTQ1NDYxOTA0OjE3MzYyODgxOTI6c3BfYXRmX25leHQ6MzAwNTY2MDU3Mzc0MzAyOjowOjo&url=%2FApple-iPhone-Pro-MAX-Reacondicionado%2Fdp%2FB0CLQ1YNMV%2Fref%3Dsr_1_50_sspa%3Fdib%3DeyJ2IjoiMSJ9.Cd1pRR8sfAGFMqqaIMKNkxq0TCaKiUV2dQ7h7oxbAarX2fyHvSUHOwQN4xxbkGn3QHkIlAdCJKCUheGNjDLn0KkYss--Jru38XZSPrsX7UW0wOGuLF_3B4xuX9OY6zElvUR1d7X7rDyAHmJlIEfT_YXz6a2eo7oJsVzDKfny-SL0OHHq3paZhSGbePqtnZj-4Zm6HOrZaecLqudSOu1Yb_V1xUvH0moqztfQxAbTP89qUqAGvOb6E-EtHC3MzgphP1DijigI1Uj2dAZLX1rA8ENmJpeNrawlD5XnjA7Ea8Y.2J7McXlvDN4g4zPknUgI2SEjFh7vzvubT-7RwXCznfE%26dib_tag%3Dse%26keywords%3DIphone%2B15%2BPRO%2Bmax%26qid%3D1736288192%26sr%3D8-50-spons%26xpid%3DKEOR6Fqxf18Sy%26sp_csd%3Dd2lkZ2V0TmFtZT1zcF9hdGZfbmV4dA%26psc%3D1,"21,255"
https://www.amazon.com.mx/sspa/click?ie=UTF8&spc=MToyMTExNDc4OTQ1NDYxOTA0OjE3MzYyODgxOTI6c3BfYXRmX25leHQ6MzAwNTY2MDU3MzcxODAyOjowOjo&url=%2FApple-iPhone-Pro-512-Reacondicionado%2Fdp%2FB0CLQ7GD9S%2Fref%3Dsr_1_51_sspa%3Fdib%3DeyJ2IjoiMSJ9.Cd1pRR8sfAGFMqqaIMKNkxq0TCaKiUV2dQ7h7oxbAarX2fyHvSUHOwQN4xxbkGn3QHkIlAdCJKCUheGNjDLn0KkYss--Jru38XZSPrsX7UW0wOGuLF_3B4xuX9OY6zElvUR1d7X7rDyAHmJlIEfT_YXz6a2eo7oJsVzDKfny-SL0OHHq3paZhSGbePqtnZj-4Zm6HOrZaecLqudSOu1Yb_V1xUvH0moqztfQxAbTP89qUqAGvOb6E-EtHC3MzgphP1DijigI1Uj2dAZLX1rA8ENmJpeNrawlD5XnjA7Ea8Y.2J7McXlvDN4g4zPknUgI2SEjFh7vzvubT-7RwXCznfE%26dib_tag%3Dse%26keywords%3DIphone%2B15%2BPRO%2Bmax%26qid%3D1736288192%26sr%3D8-51-spons%26xpid%3DKEOR6Fqxf18Sy%26sp_csd%3Dd2lkZ2V0TmFtZT1zcF9hdGZfbmV4dA%26psc%3D1,"18,738"
https://www.amazon.com.mx/sspa/click?ie=UTF8&spc=MToyMTExNDc4OTQ1NDYxOTA0OjE3MzYyODgxOTI6c3BfYXRmX25leHQ6MzAwMTY0ODg4MzQxNDAyOjowOjo&url=%2FJETech-Protecci%25C3%25B3n-Escabrosa-Antigolpes-Protectora%2Fdp%2FB0CD3YJ4NP%2Fref%3Dsr_1_52_sspa%3Fdib%3DeyJ2IjoiMSJ9.Cd1pRR8sfAGFMqqaIMKNkxq0TCaKiUV2dQ7h7oxbAarX2fyHvSUHOwQN4xxbkGn3QHkIlAdCJKCUheGNjDLn0KkYss--Jru38XZSPrsX7UW0wOGuLF_3B4xuX9OY6zElvUR1d7X7rDyAHmJlIEfT_YXz6a2eo7oJsVzDKfny-SL0OHHq3paZhSGbePqtnZj-4Zm6HOrZaecLqudSOu1Yb_V1xUvH0moqztfQxAbTP89qUqAGvOb6E-EtHC3MzgphP1DijigI1Uj2dAZLX1rA8ENmJpeNrawlD5XnjA7Ea8Y.2J7McXlvDN4g4zPknUgI2SEjFh7vzvubT-7RwXCznfE%26dib_tag%3Dse%26keywords%3DIphone%2B15%2BPRO%2Bmax%26qid%3D1736288192%26sr%3D8-52-spons%26ufe%3Dapp_do%253Aamzn1.fos.de93fa6a-174c-4df7-be7c-5bc8e9c5a71b%26xpid%3DKEOR6Fqxf18Sy%26sp_csd%3Dd2lkZ2V0TmFtZT1zcF9hdGZfbmV4dA%26psc%3D1,289
https://www.amazon.com.mx/JETech-Protector-Pantalla-Instalaci%C3%B3n-Transparente/dp/B0CKMCNDKT/ref=sr_1_53?dib=eyJ2IjoiMSJ9.Cd1pRR8sfAGFMqqaIMKNkxq0TCaKiUV2dQ7h7oxbAarX2fyHvSUHOwQN4xxbkGn3QHkIlAdCJKCUheGNjDLn0KkYss--Jru38XZSPrsX7UW0wOGuLF_3B4xuX9OY6zElvUR1d7X7rDyAHmJlIEfT_YXz6a2eo7oJsVzDKfny-SL0OHHq3paZhSGbePqtnZj-4Zm6HOrZaecLqudSOu1Yb_V1xUvH0moqztfQxAbTP89qUqAGvOb6E-EtHC3MzgphP1DijigI1Uj2dAZLX1rA8ENmJpeNrawlD5XnjA7Ea8Y.2J7McXlvDN4g4zPknUgI2SEjFh7vzvubT-7RwXCznfE&dib_tag=se&keywords=Iphone+15+PRO+max&qid=1736288192&sr=8-53&ufe=app_do%3Aamzn1.fos.de93fa6a-174c-4df7-be7c-5bc8e9c5a71b&xpid=KEOR6Fqxf18Sy,289
https://www.amazon.com.mx/Apple-iPhone-13-Pro-Grafito/dp/B09LP6WWLB/ref=sr_1_54?dib=eyJ2IjoiMSJ9.Cd1pRR8sfAGFMqqaIMKNkxq0TCaKiUV2dQ7h7oxbAarX2fyHvSUHOwQN4xxbkGn3QHkIlAdCJKCUheGNjDLn0KkYss--Jru38XZSPrsX7UW0wOGuLF_3B4xuX9OY6zElvUR1d7X7rDyAHmJlIEfT_YXz6a2eo7oJsVzDKfny-SL0OHHq3paZhSGbePqtnZj-4Zm6HOrZaecLqudSOu1Yb_V1xUvH0moqztfQxAbTP89qUqAGvOb6E-EtHC3MzgphP1DijigI1Uj2dAZLX1rA8ENmJpeNrawlD5XnjA7Ea8Y.2J7McXlvDN4g4zPknUgI2SEjFh7vzvubT-7RwXCznfE&dib_tag=se&keywords=Iphone+15+PRO+max&qid=1736288192&sr=8-54&xpid=KEOR6Fqxf18Sy,"10,949"
https://www.amazon.com.mx/JETech-Pulgadas-Cubierta-Minimalista-Inal%C3%A1mbrica/dp/B0CNVGW8N8/ref=sr_1_55?dib=eyJ2IjoiMSJ9.Cd1pRR8sfAGFMqqaIMKNkxq0TCaKiUV2dQ7h7oxbAarX2fyHvSUHOwQN4xxbkGn3QHkIlAdCJKCUheGNjDLn0KkYss--Jru38XZSPrsX7UW0wOGuLF_3B4xuX9OY6zElvUR1d7X7rDyAHmJlIEfT_YXz6a2eo7oJsVzDKfny-SL0OHHq3paZhSGbePqtnZj-4Zm6HOrZaecLqudSOu1Yb_V1xUvH0moqztfQxAbTP89qUqAGvOb6E-EtHC3MzgphP1DijigI1Uj2dAZLX1rA8ENmJpeNrawlD5XnjA7Ea8Y.2J7McXlvDN4g4zPknUgI2SEjFh7vzvubT-7RwXCznfE&dib_tag=se&keywords=Iphone+15+PRO+max&qid=1736288192&sr=8-55&ufe=app_do%3Aamzn1.fos.de93fa6a-174c-4df7-be7c-5bc8e9c5a71b&xpid=KEOR6Fqxf18Sy,239
https://www.amazon.com.mx/JETech-Compatible-Inal%C3%A1mbrica-Transparente-Anti-Ara%C3%B1azos/dp/B0CCKYPZ7N/ref=sr_1_56?dib=eyJ2IjoiMSJ9.Cd1pRR8sfAGFMqqaIMKNkxq0TCaKiUV2dQ7h7oxbAarX2fyHvSUHOwQN4xxbkGn3QHkIlAdCJKCUheGNjDLn0KkYss--Jru38XZSPrsX7UW0wOGuLF_3B4xuX9OY6zElvUR1d7X7rDyAHmJlIEfT_YXz6a2eo7oJsVzDKfny-SL0OHHq3paZhSGbePqtnZj-4Zm6HOrZaecLqudSOu1Yb_V1xUvH0moqztfQxAbTP89qUqAGvOb6E-EtHC3MzgphP1DijigI1Uj2dAZLX1rA8ENmJpeNrawlD5XnjA7Ea8Y.2J7McXlvDN4g4zPknUgI2SEjFh7vzvubT-7RwXCznfE&dib_tag=se&keywords=Iphone+15+PRO+max&qid=1736288192&sr=8-56&ufe=app_do%3Aamzn1.fos.de93fa6a-174c-4df7-be7c-5bc8e9c5a71b&xpid=KEOR6Fqxf18Sy,269
https://www.amazon.com.mx/UGREEN-Cargador-Portatil-Compatible-Macbook/dp/B0BJ6BB44D/ref=sr_1_57?dib=eyJ2IjoiMSJ9.Cd1pRR8sfAGFMqqaIMKNkxq0TCaKiUV2dQ7h7oxbAarX2fyHvSUHOwQN4xxbkGn3QHkIlAdCJKCUheGNjDLn0KkYss--Jru38XZSPrsX7UW0wOGuLF_3B4xuX9OY6zElvUR1d7X7rDyAHmJlIEfT_YXz6a2eo7oJsVzDKfny-SL0OHHq3paZhSGbePqtnZj-4Zm6HOrZaecLqudSOu1Yb_V1xUvH0moqztfQxAbTP89qUqAGvOb6E-EtHC3MzgphP1DijigI1Uj2dAZLX1rA8ENmJpeNrawlD5XnjA7Ea8Y.2J7McXlvDN4g4zPknUgI2SEjFh7vzvubT-7RwXCznfE&dib_tag=se&keywords=Iphone+15+PRO+max&qid=1736288192&sr=8-57&ufe=app_do%3Aamzn1.fos.de93fa6a-174c-4df7-be7c-5bc8e9c5a71b&xpid=KEOR6Fqxf18Sy,369
https://www.amazon.com.mx/Apple-iPhone-128GB-Titanio-Negro/dp/B0CRJJB8ZL/ref=sr_1_58?dib=eyJ2IjoiMSJ9.Cd1pRR8sfAGFMqqaIMKNkxq0TCaKiUV2dQ7h7oxbAarX2fyHvSUHOwQN4xxbkGn3QHkIlAdCJKCUheGNjDLn0KkYss--Jru38XZSPrsX7UW0wOGuLF_3B4xuX9OY6zElvUR1d7X7rDyAHmJlIEfT_YXz6a2eo7oJsVzDKfny-SL0OHHq3paZhSGbePqtnZj-4Zm6HOrZaecLqudSOu1Yb_V1xUvH0moqztfQxAbTP89qUqAGvOb6E-EtHC3MzgphP1DijigI1Uj2dAZLX1rA8ENmJpeNrawlD5XnjA7Ea8Y.2J7McXlvDN4g4zPknUgI2SEjFh7vzvubT-7RwXCznfE&dib_tag=se&keywords=Iphone+15+PRO+max&qid=1736288192&sr=8-58&xpid=KEOR6Fqxf18Sy,"19,237"
https://www.amazon.com.mx/JETech-Compatible-Protecci%C3%B3n-Antigolpes-Protectora/dp/B0CD3YG1SP/ref=sr_1_59?dib=eyJ2IjoiMSJ9.Cd1pRR8sfAGFMqqaIMKNkxq0TCaKiUV2dQ7h7oxbAarX2fyHvSUHOwQN4xxbkGn3QHkIlAdCJKCUheGNjDLn0KkYss--Jru38XZSPrsX7UW0wOGuLF_3B4xuX9OY6zElvUR1d7X7rDyAHmJlIEfT_YXz6a2eo7oJsVzDKfny-SL0OHHq3paZhSGbePqtnZj-4Zm6HOrZaecLqudSOu1Yb_V1xUvH0moqztfQxAbTP89qUqAGvOb6E-EtHC3MzgphP1DijigI1Uj2dAZLX1rA8ENmJpeNrawlD5XnjA7Ea8Y.2J7McXlvDN4g4zPknUgI2SEjFh7vzvubT-7RwXCznfE&dib_tag=se&keywords=Iphone+15+PRO+max&qid=1736288192&sr=8-59&ufe=app_do%3Aamzn1.fos.de93fa6a-174c-4df7-be7c-5bc8e9c5a71b&xpid=KEOR6Fqxf18Sy,359
https://www.amazon.com.mx/elago-Compatible-Tecnolog%C3%ADa-Antigolpes-Reducci%C3%B3n-Amarilleo/dp/B0CBNPY4XN/ref=sr_1_60?dib=eyJ2IjoiMSJ9.Cd1pRR8sfAGFMqqaIMKNkxq0TCaKiUV2dQ7h7oxbAarX2fyHvSUHOwQN4xxbkGn3QHkIlAdCJKCUheGNjDLn0KkYss--Jru38XZSPrsX7UW0wOGuLF_3B4xuX9OY6zElvUR1d7X7rDyAHmJlIEfT_YXz6a2eo7oJsVzDKfny-SL0OHHq3paZhSGbePqtnZj-4Zm6HOrZaecLqudSOu1Yb_V1xUvH0moqztfQxAbTP89qUqAGvOb6E-EtHC3MzgphP1DijigI1Uj2dAZLX1rA8ENmJpeNrawlD5XnjA7Ea8Y.2J7McXlvDN4g4zPknUgI2SEjFh7vzvubT-7RwXCznfE&dib_tag=se&keywords=Iphone+15+PRO+max&qid=1736288192&sr=8-60&ufe=app_do%3Aamzn1.fos.de93fa6a-174c-4df7-be7c-5bc8e9c5a71b&xpid=KEOR6Fqxf18Sy,230
https://www.amazon.com.mx/Lamicall-Funda-para-iPhone-Safe/dp/B0CW2HKLQQ/ref=sr_1_61?dib=eyJ2IjoiMSJ9.Cd1pRR8sfAGFMqqaIMKNkxq0TCaKiUV2dQ7h7oxbAarX2fyHvSUHOwQN4xxbkGn3QHkIlAdCJKCUheGNjDLn0KkYss--Jru38XZSPrsX7UW0wOGuLF_3B4xuX9OY6zElvUR1d7X7rDyAHmJlIEfT_YXz6a2eo7oJsVzDKfny-SL0OHHq3paZhSGbePqtnZj-4Zm6HOrZaecLqudSOu1Yb_V1xUvH0moqztfQxAbTP89qUqAGvOb6E-EtHC3MzgphP1DijigI1Uj2dAZLX1rA8ENmJpeNrawlD5XnjA7Ea8Y.2J7McXlvDN4g4zPknUgI2SEjFh7vzvubT-7RwXCznfE&dib_tag=se&keywords=Iphone+15+PRO+max&qid=1736288192&sr=8-61&ufe=app_do%3Aamzn1.fos.de93fa6a-174c-4df7-be7c-5bc8e9c5a71b&xpid=KEOR6Fqxf18Sy,339
https://www.amazon.com.mx/Aulumu-A15-Leather-Magnetic-Cooling/dp/B0C3M9Q895/ref=sr_1_62?dib=eyJ2IjoiMSJ9.Cd1pRR8sfAGFMqqaIMKNkxq0TCaKiUV2dQ7h7oxbAarX2fyHvSUHOwQN4xxbkGn3QHkIlAdCJKCUheGNjDLn0KkYss--Jru38XZSPrsX7UW0wOGuLF_3B4xuX9OY6zElvUR1d7X7rDyAHmJlIEfT_YXz6a2eo7oJsVzDKfny-SL0OHHq3paZhSGbePqtnZj-4Zm6HOrZaecLqudSOu1Yb_V1xUvH0moqztfQxAbTP89qUqAGvOb6E-EtHC3MzgphP1DijigI1Uj2dAZLX1rA8ENmJpeNrawlD5XnjA7Ea8Y.2J7McXlvDN4g4zPknUgI2SEjFh7vzvubT-7RwXCznfE&dib_tag=se&keywords=Iphone+15+PRO+max&qid=1736288192&sr=8-62&ufe=app_do%3Aamzn1.fos.de93fa6a-174c-4df7-be7c-5bc8e9c5a71b&xpid=KEOR6Fqxf18Sy,749
https://www.amazon.com.mx/LEKOU-Protector-Pantalla-Antiespia-Transparente/dp/B0CLLMLMYP/ref=sr_1_63?dib=eyJ2IjoiMSJ9.Cd1pRR8sfAGFMqqaIMKNkxq0TCaKiUV2dQ7h7oxbAarX2fyHvSUHOwQN4xxbkGn3QHkIlAdCJKCUheGNjDLn0KkYss--Jru38XZSPrsX7UW0wOGuLF_3B4xuX9OY6zElvUR1d7X7rDyAHmJlIEfT_YXz6a2eo7oJsVzDKfny-SL0OHHq3paZhSGbePqtnZj-4Zm6HOrZaecLqudSOu1Yb_V1xUvH0moqztfQxAbTP89qUqAGvOb6E-EtHC3MzgphP1DijigI1Uj2dAZLX1rA8ENmJpeNrawlD5XnjA7Ea8Y.2J7McXlvDN4g4zPknUgI2SEjFh7vzvubT-7RwXCznfE&dib_tag=se&keywords=Iphone+15+PRO+max&qid=1736288192&sr=8-63&xpid=KEOR6Fqxf18Sy,89
https://www.amazon.com.mx/Apple-iPhone-16-128-GB/dp/B0DGJ1DGFT/ref=sr_1_64?dib=eyJ2IjoiMSJ9.Cd1pRR8sfAGFMqqaIMKNkxq0TCaKiUV2dQ7h7oxbAarX2fyHvSUHOwQN4xxbkGn3QHkIlAdCJKCUheGNjDLn0KkYss--Jru38XZSPrsX7UW0wOGuLF_3B4xuX9OY6zElvUR1d7X7rDyAHmJlIEfT_YXz6a2eo7oJsVzDKfny-SL0OHHq3paZhSGbePqtnZj-4Zm6HOrZaecLqudSOu1Yb_V1xUvH0moqztfQxAbTP89qUqAGvOb6E-EtHC3MzgphP1DijigI1Uj2dAZLX1rA8ENmJpeNrawlD5XnjA7Ea8Y.2J7McXlvDN4g4zPknUgI2SEjFh7vzvubT-7RwXCznfE&dib_tag=se&keywords=Iphone+15+PRO+max&qid=1736288192&sr=8-64&ufe=app_do%3Aamzn1.fos.de93fa6a-174c-4df7-be7c-5bc8e9c5a71b&xpid=KEOR6Fqxf18Sy,"19,899"
https://www.amazon.com.mx/SNAKE-iPhone-Pro-Max-Desempolvado/dp/B0D41QL5R7/ref=sr_1_65?dib=eyJ2IjoiMSJ9.Cd1pRR8sfAGFMqqaIMKNkxq0TCaKiUV2dQ7h7oxbAarX2fyHvSUHOwQN4xxbkGn3QHkIlAdCJKCUheGNjDLn0KkYss--Jru38XZSPrsX7UW0wOGuLF_3B4xuX9OY6zElvUR1d7X7rDyAHmJlIEfT_YXz6a2eo7oJsVzDKfny-SL0OHHq3paZhSGbePqtnZj-4Zm6HOrZaecLqudSOu1Yb_V1xUvH0moqztfQxAbTP89qUqAGvOb6E-EtHC3MzgphP1DijigI1Uj2dAZLX1rA8ENmJpeNrawlD5XnjA7Ea8Y.2J7McXlvDN4g4zPknUgI2SEjFh7vzvubT-7RwXCznfE&dib_tag=se&keywords=Iphone+15+PRO+max&qid=1736288192&sr=8-65&ufe=app_do%3Aamzn1.fos.db4f1a57-87f1-43c5-9a39-0cdca6036b57&xpid=KEOR6Fqxf18Sy,219
https://www.amazon.com.mx/OtterBox-Transparente-%C3%BAnicamente-Symmetry-visualizaci%C3%B3n/dp/B0CGC8CFDZ/ref=sr_1_66_mod_primary_new?dib=eyJ2IjoiMSJ9.Cd1pRR8sfAGFMqqaIMKNkxq0TCaKiUV2dQ7h7oxbAarX2fyHvSUHOwQN4xxbkGn3QHkIlAdCJKCUheGNjDLn0KkYss--Jru38XZSPrsX7UW0wOGuLF_3B4xuX9OY6zElvUR1d7X7rDyAHmJlIEfT_YXz6a2eo7oJsVzDKfny-SL0OHHq3paZhSGbePqtnZj-4Zm6HOrZaecLqudSOu1Yb_V1xUvH0moqztfQxAbTP89qUqAGvOb6E-EtHC3MzgphP1DijigI1Uj2dAZLX1rA8ENmJpeNrawlD5XnjA7Ea8Y.2J7McXlvDN4g4zPknUgI2SEjFh7vzvubT-7RwXCznfE&dib_tag=se&keywords=Iphone+15+PRO+max&qid=1736288192&sbo=RZvfv%2F%2FHxDF%2BO5021pAnSA%3D%3D&sr=8-66&xpid=KEOR6Fqxf18Sy,659
https://www.amazon.com.mx/OtterBox-%C3%BAnicamente-Commuter-Resistente-protecci%C3%B3n/dp/B0CGCMWD2N/ref=sr_1_67?dib=eyJ2IjoiMSJ9.Cd1pRR8sfAGFMqqaIMKNkxq0TCaKiUV2dQ7h7oxbAarX2fyHvSUHOwQN4xxbkGn3QHkIlAdCJKCUheGNjDLn0KkYss--Jru38XZSPrsX7UW0wOGuLF_3B4xuX9OY6zElvUR1d7X7rDyAHmJlIEfT_YXz6a2eo7oJsVzDKfny-SL0OHHq3paZhSGbePqtnZj-4Zm6HOrZaecLqudSOu1Yb_V1xUvH0moqztfQxAbTP89qUqAGvOb6E-EtHC3MzgphP1DijigI1Uj2dAZLX1rA8ENmJpeNrawlD5XnjA7Ea8Y.2J7McXlvDN4g4zPknUgI2SEjFh7vzvubT-7RwXCznfE&dib_tag=se&keywords=Iphone+15+PRO+max&qid=1736288192&sr=8-67&ufe=app_do%3Aamzn1.fos.de93fa6a-174c-4df7-be7c-5bc8e9c5a71b&xpid=KEOR6Fqxf18Sy,720
https://www.amazon.com.mx/JETech-Protector-Pantalla-Cobertura-Instalaci%C3%B3n/dp/B0D5LR7NHS/ref=sr_1_68?dib=eyJ2IjoiMSJ9.Cd1pRR8sfAGFMqqaIMKNkxq0TCaKiUV2dQ7h7oxbAarX2fyHvSUHOwQN4xxbkGn3QHkIlAdCJKCUheGNjDLn0KkYss--Jru38XZSPrsX7UW0wOGuLF_3B4xuX9OY6zElvUR1d7X7rDyAHmJlIEfT_YXz6a2eo7oJsVzDKfny-SL0OHHq3paZhSGbePqtnZj-4Zm6HOrZaecLqudSOu1Yb_V1xUvH0moqztfQxAbTP89qUqAGvOb6E-EtHC3MzgphP1DijigI1Uj2dAZLX1rA8ENmJpeNrawlD5XnjA7Ea8Y.2J7McXlvDN4g4zPknUgI2SEjFh7vzvubT-7RwXCznfE&dib_tag=se&keywords=Iphone+15+PRO+max&qid=1736288192&sr=8-68&ufe=app_do%3Aamzn1.fos.de93fa6a-174c-4df7-be7c-5bc8e9c5a71b&xpid=KEOR6Fqxf18Sy,811
https://www.amazon.com.mx/UGREEN-Elasticidad-Anti-Amarillo-Protecci%C3%B3n-Transparente/dp/B0C9CWYVWY/ref=sr_1_69?dib=eyJ2IjoiMSJ9.Cd1pRR8sfAGFMqqaIMKNkxq0TCaKiUV2dQ7h7oxbAarX2fyHvSUHOwQN4xxbkGn3QHkIlAdCJKCUheGNjDLn0KkYss--Jru38XZSPrsX7UW0wOGuLF_3B4xuX9OY6zElvUR1d7X7rDyAHmJlIEfT_YXz6a2eo7oJsVzDKfny-SL0OHHq3paZhSGbePqtnZj-4Zm6HOrZaecLqudSOu1Yb_V1xUvH0moqztfQxAbTP89qUqAGvOb6E-EtHC3MzgphP1DijigI1Uj2dAZLX1rA8ENmJpeNrawlD5XnjA7Ea8Y.2J7McXlvDN4g4zPknUgI2SEjFh7vzvubT-7RwXCznfE&dib_tag=se&keywords=Iphone+15+PRO+max&qid=1736288192&sr=8-69&ufe=app_do%3Aamzn1.fos.de93fa6a-174c-4df7-be7c-5bc8e9c5a71b&xpid=KEOR6Fqxf18Sy,279
https://www.amazon.com.mx/Apple-iPhone-128-GB-Medianoche-Reacondicionado/dp/B0BNLVMP9H/ref=sr_1_70?dib=eyJ2IjoiMSJ9.Cd1pRR8sfAGFMqqaIMKNkxq0TCaKiUV2dQ7h7oxbAarX2fyHvSUHOwQN4xxbkGn3QHkIlAdCJKCUheGNjDLn0KkYss--Jru38XZSPrsX7UW0wOGuLF_3B4xuX9OY6zElvUR1d7X7rDyAHmJlIEfT_YXz6a2eo7oJsVzDKfny-SL0OHHq3paZhSGbePqtnZj-4Zm6HOrZaecLqudSOu1Yb_V1xUvH0moqztfQxAbTP89qUqAGvOb6E-EtHC3MzgphP1DijigI1Uj2dAZLX1rA8ENmJpeNrawlD5XnjA7Ea8Y.2J7McXlvDN4g4zPknUgI2SEjFh7vzvubT-7RwXCznfE&dib_tag=se&keywords=Iphone+15+PRO+max&qid=1736288192&sr=8-70&xpid=KEOR6Fqxf18Sy,231
https://www.amazon.com.mx/Apple-iPhone-128GB-Space-Black/dp/B0BYLJYN36/ref=sr_1_71?dib=eyJ2IjoiMSJ9.Cd1pRR8sfAGFMqqaIMKNkxq0TCaKiUV2dQ7h7oxbAarX2fyHvSUHOwQN4xxbkGn3QHkIlAdCJKCUheGNjDLn0KkYss--Jru38XZSPrsX7UW0wOGuLF_3B4xuX9OY6zElvUR1d7X7rDyAHmJlIEfT_YXz6a2eo7oJsVzDKfny-SL0OHHq3paZhSGbePqtnZj-4Zm6HOrZaecLqudSOu1Yb_V1xUvH0moqztfQxAbTP89qUqAGvOb6E-EtHC3MzgphP1DijigI1Uj2dAZLX1rA8ENmJpeNrawlD5XnjA7Ea8Y.2J7McXlvDN4g4zPknUgI2SEjFh7vzvubT-7RwXCznfE&dib_tag=se&keywords=Iphone+15+PRO+max&qid=1736288192&sr=8-71&xpid=KEOR6Fqxf18Sy,"10,892"
https://www.amazon.com.mx/Apple-iPhone-Titanio-Reacondicionado-Premium/dp/B0CRJ1PPB7/ref=sr_1_72?dib=eyJ2IjoiMSJ9.Cd1pRR8sfAGFMqqaIMKNkxq0TCaKiUV2dQ7h7oxbAarX2fyHvSUHOwQN4xxbkGn3QHkIlAdCJKCUheGNjDLn0KkYss--Jru38XZSPrsX7UW0wOGuLF_3B4xuX9OY6zElvUR1d7X7rDyAHmJlIEfT_YXz6a2eo7oJsVzDKfny-SL0OHHq3paZhSGbePqtnZj-4Zm6HOrZaecLqudSOu1Yb_V1xUvH0moqztfQxAbTP89qUqAGvOb6E-EtHC3MzgphP1DijigI1Uj2dAZLX1rA8ENmJpeNrawlD5XnjA7Ea8Y.2J7McXlvDN4g4zPknUgI2SEjFh7vzvubT-7RwXCznfE&dib_tag=se&keywords=Iphone+15+PRO+max&qid=1736288192&sr=8-72&xpid=KEOR6Fqxf18Sy,"16,509"
https://www.amazon.com.mx/Apple-iPhone-Pro-Max-Reacondicionado/dp/B0DHJ896RY/ref=sr_1_73?dib=eyJ2IjoiMSJ9.Cd1pRR8sfAGFMqqaIMKNkxq0TCaKiUV2dQ7h7oxbAarX2fyHvSUHOwQN4xxbkGn3QHkIlAdCJKCUheGNjDLn0KkYss--Jru38XZSPrsX7UW0wOGuLF_3B4xuX9OY6zElvUR1d7X7rDyAHmJlIEfT_YXz6a2eo7oJsVzDKfny-SL0OHHq3paZhSGbePqtnZj-4Zm6HOrZaecLqudSOu1Yb_V1xUvH0moqztfQxAbTP89qUqAGvOb6E-EtHC3MzgphP1DijigI1Uj2dAZLX1rA8ENmJpeNrawlD5XnjA7Ea8Y.2J7McXlvDN4g4zPknUgI2SEjFh7vzvubT-7RwXCznfE&dib_tag=se&keywords=Iphone+15+PRO+max&qid=1736288192&sr=8-73&xpid=KEOR6Fqxf18Sy,"22,337"
https://www.amazon.com.mx/Apple-Titanio-Natural-Reacondicionado-Premium/dp/B0CRJ1FB26/ref=sr_1_74?dib=eyJ2IjoiMSJ9.Cd1pRR8sfAGFMqqaIMKNkxq0TCaKiUV2dQ7h7oxbAarX2fyHvSUHOwQN4xxbkGn3QHkIlAdCJKCUheGNjDLn0KkYss--Jru38XZSPrsX7UW0wOGuLF_3B4xuX9OY6zElvUR1d7X7rDyAHmJlIEfT_YXz6a2eo7oJsVzDKfny-SL0OHHq3paZhSGbePqtnZj-4Zm6HOrZaecLqudSOu1Yb_V1xUvH0moqztfQxAbTP89qUqAGvOb6E-EtHC3MzgphP1DijigI1Uj2dAZLX1rA8ENmJpeNrawlD5XnjA7Ea8Y.2J7McXlvDN4g4zPknUgI2SEjFh7vzvubT-7RwXCznfE&dib_tag=se&keywords=Iphone+15+PRO+max&qid=1736288192&sr=8-74&xpid=KEOR6Fqxf18Sy,"26,858"
https://www.amazon.com.mx/memumi-Magn%C3%A9tica-Protecci%C3%B3n-Antichoque-Compatible/dp/B0CFKWPDF7/ref=sr_1_75?dib=eyJ2IjoiMSJ9.Cd1pRR8sfAGFMqqaIMKNkxq0TCaKiUV2dQ7h7oxbAarX2fyHvSUHOwQN4xxbkGn3QHkIlAdCJKCUheGNjDLn0KkYss--Jru38XZSPrsX7UW0wOGuLF_3B4xuX9OY6zElvUR1d7X7rDyAHmJlIEfT_YXz6a2eo7oJsVzDKfny-SL0OHHq3paZhSGbePqtnZj-4Zm6HOrZaecLqudSOu1Yb_V1xUvH0moqztfQxAbTP89qUqAGvOb6E-EtHC3MzgphP1DijigI1Uj2dAZLX1rA8ENmJpeNrawlD5XnjA7Ea8Y.2J7McXlvDN4g4zPknUgI2SEjFh7vzvubT-7RwXCznfE&dib_tag=se&keywords=Iphone+15+PRO+max&qid=1736288192&sr=8-75&ufe=app_do%3Aamzn1.fos.de93fa6a-174c-4df7-be7c-5bc8e9c5a71b&xpid=KEOR6Fqxf18Sy,"22,337"
https://www.amazon.com.mx/JETech-Pulgadas-Protector-Pantalla-Transl%C3%BAcida/dp/B0CCXK3WVX/ref=sr_1_76?dib=eyJ2IjoiMSJ9.Cd1pRR8sfAGFMqqaIMKNkxq0TCaKiUV2dQ7h7oxbAarX2fyHvSUHOwQN4xxbkGn3QHkIlAdCJKCUheGNjDLn0KkYss--Jru38XZSPrsX7UW0wOGuLF_3B4xuX9OY6zElvUR1d7X7rDyAHmJlIEfT_YXz6a2eo7oJsVzDKfny-SL0OHHq3paZhSGbePqtnZj-4Zm6HOrZaecLqudSOu1Yb_V1xUvH0moqztfQxAbTP89qUqAGvOb6E-EtHC3MzgphP1DijigI1Uj2dAZLX1rA8ENmJpeNrawlD5XnjA7Ea8Y.2J7McXlvDN4g4zPknUgI2SEjFh7vzvubT-7RwXCznfE&dib_tag=se&keywords=Iphone+15+PRO+max&qid=1736288192&sr=8-76&ufe=app_do%3Aamzn1.fos.de93fa6a-174c-4df7-be7c-5bc8e9c5a71b&xpid=KEOR6Fqxf18Sy,459
https://www.amazon.com.mx/Apple-iPhone-512GB-Grafito-Reacondicionado/dp/B08PMNCTGF/ref=sr_1_77?dib=eyJ2IjoiMSJ9.Cd1pRR8sfAGFMqqaIMKNkxq0TCaKiUV2dQ7h7oxbAarX2fyHvSUHOwQN4xxbkGn3QHkIlAdCJKCUheGNjDLn0KkYss--Jru38XZSPrsX7UW0wOGuLF_3B4xuX9OY6zElvUR1d7X7rDyAHmJlIEfT_YXz6a2eo7oJsVzDKfny-SL0OHHq3paZhSGbePqtnZj-4Zm6HOrZaecLqudSOu1Yb_V1xUvH0moqztfQxAbTP89qUqAGvOb6E-EtHC3MzgphP1DijigI1Uj2dAZLX1rA8ENmJpeNrawlD5XnjA7Ea8Y.2J7McXlvDN4g4zPknUgI2SEjFh7vzvubT-7RwXCznfE&dib_tag=se&keywords=Iphone+15+PRO+max&qid=1736288192&sr=8-77&xpid=KEOR6Fqxf18Sy,299
https://www.amazon.com.mx/iPhone-15-Pro-Impermeable-Compatible/dp/B0CJRDKKP7/ref=sr_1_78?dib=eyJ2IjoiMSJ9.Cd1pRR8sfAGFMqqaIMKNkxq0TCaKiUV2dQ7h7oxbAarX2fyHvSUHOwQN4xxbkGn3QHkIlAdCJKCUheGNjDLn0KkYss--Jru38XZSPrsX7UW0wOGuLF_3B4xuX9OY6zElvUR1d7X7rDyAHmJlIEfT_YXz6a2eo7oJsVzDKfny-SL0OHHq3paZhSGbePqtnZj-4Zm6HOrZaecLqudSOu1Yb_V1xUvH0moqztfQxAbTP89qUqAGvOb6E-EtHC3MzgphP1DijigI1Uj2dAZLX1rA8ENmJpeNrawlD5XnjA7Ea8Y.2J7McXlvDN4g4zPknUgI2SEjFh7vzvubT-7RwXCznfE&dib_tag=se&keywords=Iphone+15+PRO+max&qid=1736288192&sr=8-78&ufe=app_do%3Aamzn1.fos.de93fa6a-174c-4df7-be7c-5bc8e9c5a71b&xpid=KEOR6Fqxf18Sy,"13,000"
https://www.amazon.com.mx/Kate-Spade-New-York-Iridiscente/dp/B0CDZPVYTK/ref=sr_1_79?dib=eyJ2IjoiMSJ9.Cd1pRR8sfAGFMqqaIMKNkxq0TCaKiUV2dQ7h7oxbAarX2fyHvSUHOwQN4xxbkGn3QHkIlAdCJKCUheGNjDLn0KkYss--Jru38XZSPrsX7UW0wOGuLF_3B4xuX9OY6zElvUR1d7X7rDyAHmJlIEfT_YXz6a2eo7oJsVzDKfny-SL0OHHq3paZhSGbePqtnZj-4Zm6HOrZaecLqudSOu1Yb_V1xUvH0moqztfQxAbTP89qUqAGvOb6E-EtHC3MzgphP1DijigI1Uj2dAZLX1rA8ENmJpeNrawlD5XnjA7Ea8Y.2J7McXlvDN4g4zPknUgI2SEjFh7vzvubT-7RwXCznfE&dib_tag=se&keywords=Iphone+15+PRO+max&qid=1736288192&sr=8-79&ufe=app_do%3Aamzn1.fos.de93fa6a-174c-4df7-be7c-5bc8e9c5a71b&xpid=KEOR6Fqxf18Sy,315
https://www.amazon.com.mx/UGREEN-10000mAh-Inal%C3%A1mbrico-Magn%C3%A9tico-Compatible/dp/B0CH33F5P2/ref=sr_1_80?dib=eyJ2IjoiMSJ9.Cd1pRR8sfAGFMqqaIMKNkxq0TCaKiUV2dQ7h7oxbAarX2fyHvSUHOwQN4xxbkGn3QHkIlAdCJKCUheGNjDLn0KkYss--Jru38XZSPrsX7UW0wOGuLF_3B4xuX9OY6zElvUR1d7X7rDyAHmJlIEfT_YXz6a2eo7oJsVzDKfny-SL0OHHq3paZhSGbePqtnZj-4Zm6HOrZaecLqudSOu1Yb_V1xUvH0moqztfQxAbTP89qUqAGvOb6E-EtHC3MzgphP1DijigI1Uj2dAZLX1rA8ENmJpeNrawlD5XnjA7Ea8Y.2J7McXlvDN4g4zPknUgI2SEjFh7vzvubT-7RwXCznfE&dib_tag=se&keywords=Iphone+15+PRO+max&qid=1736288192&sr=8-80&ufe=app_do%3Aamzn1.fos.de93fa6a-174c-4df7-be7c-5bc8e9c5a71b&xpid=KEOR6Fqxf18Sy,"1,100"
https://www.amazon.com.mx/Privacidad-Eliminaci%C3%B3n-Antihuellas-Herramienta-Instalaci%C3%B3n-2Pack/dp/B0CB8X2WD4/ref=sr_1_81?dib=eyJ2IjoiMSJ9.Cd1pRR8sfAGFMqqaIMKNkxq0TCaKiUV2dQ7h7oxbAarX2fyHvSUHOwQN4xxbkGn3QHkIlAdCJKCUheGNjDLn0KkYss--Jru38XZSPrsX7UW0wOGuLF_3B4xuX9OY6zElvUR1d7X7rDyAHmJlIEfT_YXz6a2eo7oJsVzDKfny-SL0OHHq3paZhSGbePqtnZj-4Zm6HOrZaecLqudSOu1Yb_V1xUvH0moqztfQxAbTP89qUqAGvOb6E-EtHC3MzgphP1DijigI1Uj2dAZLX1rA8ENmJpeNrawlD5XnjA7Ea8Y.2J7McXlvDN4g4zPknUgI2SEjFh7vzvubT-7RwXCznfE&dib_tag=se&keywords=Iphone+15+PRO+max&qid=1736288192&sr=8-81&ufe=app_do%3Aamzn1.fos.de93fa6a-174c-4df7-be7c-5bc8e9c5a71b&xpid=KEOR6Fqxf18Sy,866
https://www.amazon.com.mx/Apple-iPhone-Sierra-Blue-Reacondicionado/dp/B0BGYH2D7W/ref=sr_1_82?dib=eyJ2IjoiMSJ9.Cd1pRR8sfAGFMqqaIMKNkxq0TCaKiUV2dQ7h7oxbAarX2fyHvSUHOwQN4xxbkGn3QHkIlAdCJKCUheGNjDLn0KkYss--Jru38XZSPrsX7UW0wOGuLF_3B4xuX9OY6zElvUR1d7X7rDyAHmJlIEfT_YXz6a2eo7oJsVzDKfny-SL0OHHq3paZhSGbePqtnZj-4Zm6HOrZaecLqudSOu1Yb_V1xUvH0moqztfQxAbTP89qUqAGvOb6E-EtHC3MzgphP1DijigI1Uj2dAZLX1rA8ENmJpeNrawlD5XnjA7Ea8Y.2J7McXlvDN4g4zPknUgI2SEjFh7vzvubT-7RwXCznfE&dib_tag=se&keywords=Iphone+15+PRO+max&qid=1736288192&sr=8-82&xpid=KEOR6Fqxf18Sy,260
https://www.amazon.com.mx/UGREEN-Anti-Amarillo-Resistente-Protecci%C3%B3n-Transparente/dp/B0C8TPHD4R/ref=sr_1_83?dib=eyJ2IjoiMSJ9.Cd1pRR8sfAGFMqqaIMKNkxq0TCaKiUV2dQ7h7oxbAarX2fyHvSUHOwQN4xxbkGn3QHkIlAdCJKCUheGNjDLn0KkYss--Jru38XZSPrsX7UW0wOGuLF_3B4xuX9OY6zElvUR1d7X7rDyAHmJlIEfT_YXz6a2eo7oJsVzDKfny-SL0OHHq3paZhSGbePqtnZj-4Zm6HOrZaecLqudSOu1Yb_V1xUvH0moqztfQxAbTP89qUqAGvOb6E-EtHC3MzgphP1DijigI1Uj2dAZLX1rA8ENmJpeNrawlD5XnjA7Ea8Y.2J7McXlvDN4g4zPknUgI2SEjFh7vzvubT-7RwXCznfE&dib_tag=se&keywords=Iphone+15+PRO+max&qid=1736288192&sr=8-83&ufe=app_do%3Aamzn1.fos.de93fa6a-174c-4df7-be7c-5bc8e9c5a71b&xpid=KEOR6Fqxf18Sy,"19,009"
https://www.amazon.com.mx/Ringke-Fusion-X-Compatible-Parachoques-Resistente/dp/B0CF2SGQFW/ref=sr_1_84?dib=eyJ2IjoiMSJ9.Cd1pRR8sfAGFMqqaIMKNkxq0TCaKiUV2dQ7h7oxbAarX2fyHvSUHOwQN4xxbkGn3QHkIlAdCJKCUheGNjDLn0KkYss--Jru38XZSPrsX7UW0wOGuLF_3B4xuX9OY6zElvUR1d7X7rDyAHmJlIEfT_YXz6a2eo7oJsVzDKfny-SL0OHHq3paZhSGbePqtnZj-4Zm6HOrZaecLqudSOu1Yb_V1xUvH0moqztfQxAbTP89qUqAGvOb6E-EtHC3MzgphP1DijigI1Uj2dAZLX1rA8ENmJpeNrawlD5XnjA7Ea8Y.2J7McXlvDN4g4zPknUgI2SEjFh7vzvubT-7RwXCznfE&dib_tag=se&keywords=Iphone+15+PRO+max&qid=1736288192&sr=8-84&ufe=app_do%3Aamzn1.fos.de93fa6a-174c-4df7-be7c-5bc8e9c5a71b&xpid=KEOR6Fqxf18Sy,349
https://www.amazon.com.mx/UGREEN-trenzado-cargador-compatible-controlador/dp/B07PP2QHZD/ref=sr_1_85?dib=eyJ2IjoiMSJ9.Cd1pRR8sfAGFMqqaIMKNkxq0TCaKiUV2dQ7h7oxbAarX2fyHvSUHOwQN4xxbkGn3QHkIlAdCJKCUheGNjDLn0KkYss--Jru38XZSPrsX7UW0wOGuLF_3B4xuX9OY6zElvUR1d7X7rDyAHmJlIEfT_YXz6a2eo7oJsVzDKfny-SL0OHHq3paZhSGbePqtnZj-4Zm6HOrZaecLqudSOu1Yb_V1xUvH0moqztfQxAbTP89qUqAGvOb6E-EtHC3MzgphP1DijigI1Uj2dAZLX1rA8ENmJpeNrawlD5XnjA7Ea8Y.2J7McXlvDN4g4zPknUgI2SEjFh7vzvubT-7RwXCznfE&dib_tag=se&keywords=Iphone+15+PRO+max&qid=1736288192&sr=8-85&ufe=app_do%3Aamzn1.fos.de93fa6a-174c-4df7-be7c-5bc8e9c5a71b&xpid=KEOR6Fqxf18Sy,239
https://www.amazon.com.mx/JETech-Protector-Pulgadas-Individuo-Transparente/dp/B0CKPFVB9C/ref=sr_1_86?dib=eyJ2IjoiMSJ9.Cd1pRR8sfAGFMqqaIMKNkxq0TCaKiUV2dQ7h7oxbAarX2fyHvSUHOwQN4xxbkGn3QHkIlAdCJKCUheGNjDLn0KkYss--Jru38XZSPrsX7UW0wOGuLF_3B4xuX9OY6zElvUR1d7X7rDyAHmJlIEfT_YXz6a2eo7oJsVzDKfny-SL0OHHq3paZhSGbePqtnZj-4Zm6HOrZaecLqudSOu1Yb_V1xUvH0moqztfQxAbTP89qUqAGvOb6E-EtHC3MzgphP1DijigI1Uj2dAZLX1rA8ENmJpeNrawlD5XnjA7Ea8Y.2J7McXlvDN4g4zPknUgI2SEjFh7vzvubT-7RwXCznfE&dib_tag=se&keywords=Iphone+15+PRO+max&qid=1736288192&sr=8-86&ufe=app_do%3Aamzn1.fos.de93fa6a-174c-4df7-be7c-5bc8e9c5a71b&xpid=KEOR6Fqxf18Sy,199
https://www.amazon.com.mx/Spigen-Armor-Compatible-Apple-iPhone/dp/B0C5S85B2M/ref=sr_1_87?dib=eyJ2IjoiMSJ9.Cd1pRR8sfAGFMqqaIMKNkxq0TCaKiUV2dQ7h7oxbAarX2fyHvSUHOwQN4xxbkGn3QHkIlAdCJKCUheGNjDLn0KkYss--Jru38XZSPrsX7UW0wOGuLF_3B4xuX9OY6zElvUR1d7X7rDyAHmJlIEfT_YXz6a2eo7oJsVzDKfny-SL0OHHq3paZhSGbePqtnZj-4Zm6HOrZaecLqudSOu1Yb_V1xUvH0moqztfQxAbTP89qUqAGvOb6E-EtHC3MzgphP1DijigI1Uj2dAZLX1rA8ENmJpeNrawlD5XnjA7Ea8Y.2J7McXlvDN4g4zPknUgI2SEjFh7vzvubT-7RwXCznfE&dib_tag=se&keywords=Iphone+15+PRO+max&qid=1736288192&sr=8-87&ufe=app_do%3Aamzn1.fos.de93fa6a-174c-4df7-be7c-5bc8e9c5a71b&xpid=KEOR6Fqxf18Sy,239
https://www.amazon.com.mx/UGREEN-Protector-Anti-Huellas-Transparente-Instalaci%C3%B3n/dp/B0CBK1BW67/ref=sr_1_88?dib=eyJ2IjoiMSJ9.Cd1pRR8sfAGFMqqaIMKNkxq0TCaKiUV2dQ7h7oxbAarX2fyHvSUHOwQN4xxbkGn3QHkIlAdCJKCUheGNjDLn0KkYss--Jru38XZSPrsX7UW0wOGuLF_3B4xuX9OY6zElvUR1d7X7rDyAHmJlIEfT_YXz6a2eo7oJsVzDKfny-SL0OHHq3paZhSGbePqtnZj-4Zm6HOrZaecLqudSOu1Yb_V1xUvH0moqztfQxAbTP89qUqAGvOb6E-EtHC3MzgphP1DijigI1Uj2dAZLX1rA8ENmJpeNrawlD5XnjA7Ea8Y.2J7McXlvDN4g4zPknUgI2SEjFh7vzvubT-7RwXCznfE&dib_tag=se&keywords=Iphone+15+PRO+max&qid=1736288192&sr=8-88&ufe=app_do%3Aamzn1.fos.de93fa6a-174c-4df7-be7c-5bc8e9c5a71b&xpid=KEOR6Fqxf18Sy,646
https://www.amazon.com.mx/Apple-Adaptador-Corriente-USB-C-20/dp/B08L5M9BTJ/ref=sr_1_89?dib=eyJ2IjoiMSJ9.Cd1pRR8sfAGFMqqaIMKNkxq0TCaKiUV2dQ7h7oxbAarX2fyHvSUHOwQN4xxbkGn3QHkIlAdCJKCUheGNjDLn0KkYss--Jru38XZSPrsX7UW0wOGuLF_3B4xuX9OY6zElvUR1d7X7rDyAHmJlIEfT_YXz6a2eo7oJsVzDKfny-SL0OHHq3paZhSGbePqtnZj-4Zm6HOrZaecLqudSOu1Yb_V1xUvH0moqztfQxAbTP89qUqAGvOb6E-EtHC3MzgphP1DijigI1Uj2dAZLX1rA8ENmJpeNrawlD5XnjA7Ea8Y.2J7McXlvDN4g4zPknUgI2SEjFh7vzvubT-7RwXCznfE&dib_tag=se&keywords=Iphone+15+PRO+max&qid=1736288192&sr=8-89&ufe=app_do%3Aamzn1.fos.666fddd9-7345-4183-b0a8-29250f70baf9&xpid=KEOR6Fqxf18Sy,279
https://www.amazon.com.mx/Apple-iPhone-Plus-256-Ultramarino/dp/B0DGJK2PJJ/ref=sr_1_90?dib=eyJ2IjoiMSJ9.Cd1pRR8sfAGFMqqaIMKNkxq0TCaKiUV2dQ7h7oxbAarX2fyHvSUHOwQN4xxbkGn3QHkIlAdCJKCUheGNjDLn0KkYss--Jru38XZSPrsX7UW0wOGuLF_3B4xuX9OY6zElvUR1d7X7rDyAHmJlIEfT_YXz6a2eo7oJsVzDKfny-SL0OHHq3paZhSGbePqtnZj-4Zm6HOrZaecLqudSOu1Yb_V1xUvH0moqztfQxAbTP89qUqAGvOb6E-EtHC3MzgphP1DijigI1Uj2dAZLX1rA8ENmJpeNrawlD5XnjA7Ea8Y.2J7McXlvDN4g4zPknUgI2SEjFh7vzvubT-7RwXCznfE&dib_tag=se&keywords=Iphone+15+PRO+max&qid=1736288192&sr=8-90&ufe=app_do%3Aamzn1.fos.de93fa6a-174c-4df7-be7c-5bc8e9c5a71b&xpid=KEOR6Fqxf18Sy,499
https://www.amazon.com.mx/Apple-iPhone-Pro-512GB-Reacondicionado/dp/B08PNKTGD3/ref=sr_1_91?dib=eyJ2IjoiMSJ9.Cd1pRR8sfAGFMqqaIMKNkxq0TCaKiUV2dQ7h7oxbAarX2fyHvSUHOwQN4xxbkGn3QHkIlAdCJKCUheGNjDLn0KkYss--Jru38XZSPrsX7UW0wOGuLF_3B4xuX9OY6zElvUR1d7X7rDyAHmJlIEfT_YXz6a2eo7oJsVzDKfny-SL0OHHq3paZhSGbePqtnZj-4Zm6HOrZaecLqudSOu1Yb_V1xUvH0moqztfQxAbTP89qUqAGvOb6E-EtHC3MzgphP1DijigI1Uj2dAZLX1rA8ENmJpeNrawlD5XnjA7Ea8Y.2J7McXlvDN4g4zPknUgI2SEjFh7vzvubT-7RwXCznfE&dib_tag=se&keywords=Iphone+15+PRO+max&qid=1736288192&sr=8-91&xpid=KEOR6Fqxf18Sy,"25,499"
