"Es original el producto, chequ√© el n√∫mero de serie y la etiqueta visible con luz uv y todo coincid√≠a, como tal el dispositivo es una maravilla, lo recomiendo, el color titanio azul es precioso."
"Sin duda alguna la mejor compra, a√∫n no lo configuro por falta de tiempo pero todo marcha bien el equipo es original, versi√≥n de m√©xico a3105, el empaque nada del otro mundo es mercado libre viene en una bolsa pero el dispositivo ven√≠a completamente cerrado. Recomendado si o si."
"En lo personal me gust√≥ mucho, apenas tengo unas horas con el, no puedo opinar sobre el funcionamiento."
"El iphone, excelente calidad, no encontrado ninguna mala cr√≠tica.
Pero con respecto a su caja, pues si viene maltratada da√±ada, pero sellada, eso quiere decir que el iphone es totalmente nuevo.
Lo √∫nico que si no me gust√≥ es que dec√≠an que era doble chip y solamente trae para uno y eso ser√≠a todo."
"Tuve muchas dudas al principio pero al final fue una excelente compra pues recib√≠ la versi√≥n nacional de aqu√≠ de m√©xico, la caja estaba integra cero maltratada, producto 100% original con 6 meses de m√∫sica gratis, 3 meses de tv y 3 meses fitness‚Ä¶100% compatible con apple care. S√© que manejan diferentes versiones pero al menos yo tuve suerte de recibir la nacional, la bater√≠a dura mucho m√°s que la de mi samsung y huawei anterior, estoy muy contento."
Es muy hermoso. Los lentes de la c√°mara son gigantes üòç es perfecto lo amo.
"Todo muy bien, original sellado ü´∂üèª."
"Producto excelente, es lo que esperaba!!."
"Es un iphone, que mas puedo decir, su autonom√≠a es incre√≠ble, aunque la verdad apple sobrevalora sus productos, estoy muy contento con mi compra y se nota un gran salto del 12 pro a este modelo."
Es fabuloso y las funciones excelentes.
"Todo s√∫per bien, producto original, trae ranura para sim. Cambi√© de iphone xr a este modelo y s√≠ es una gran diferencia, contento con mi compra."
Totalmente original y a un buen precio.
Excelente.
"El tel√©fono es sin duda original, versi√≥n usada en m√©xico (a3105), libre de f√°brica, y por supuesto que con la garant√≠a y cobertura de apple, hasta ahora todo bien y en cuanto a bater√≠a parece comportarse bien, sin duda muy buena compra."
"Excelente tel√©fono, original y nuevo."
"Es original el producto, chequ√© el n√∫mero de serie y la etiqueta visible con luz uv y todo coincid√≠a, como tal el dispositivo es una maravilla, lo recomiendo, el color titanio azul es precioso."
"Sin duda alguna la mejor compra, a√∫n no lo configuro por falta de tiempo pero todo marcha bien el equipo es original, versi√≥n de m√©xico a3105, el empaque nada del otro mundo es mercado libre viene en una bolsa pero el dispositivo ven√≠a completamente cerrado. Recomendado si o si."
"En lo personal me gust√≥ mucho, apenas tengo unas horas con el, no puedo opinar sobre el funcionamiento."
"El iphone, excelente calidad, no encontrado ninguna mala cr√≠tica.
Pero con respecto a su caja, pues si viene maltratada da√±ada, pero sellada, eso quiere decir que el iphone es totalmente nuevo.
Lo √∫nico que si no me gust√≥ es que dec√≠an que era doble chip y solamente trae para uno y eso ser√≠a todo."
"Tuve muchas dudas al principio pero al final fue una excelente compra pues recib√≠ la versi√≥n nacional de aqu√≠ de m√©xico, la caja estaba integra cero maltratada, producto 100% original con 6 meses de m√∫sica gratis, 3 meses de tv y 3 meses fitness‚Ä¶100% compatible con apple care. S√© que manejan diferentes versiones pero al menos yo tuve suerte de recibir la nacional, la bater√≠a dura mucho m√°s que la de mi samsung y huawei anterior, estoy muy contento."
Es muy hermoso. Los lentes de la c√°mara son gigantes üòç es perfecto lo amo.
"Todo muy bien, original sellado ü´∂üèª."
"Producto excelente, es lo que esperaba!!."
"Es un iphone, que mas puedo decir, su autonom√≠a es incre√≠ble, aunque la verdad apple sobrevalora sus productos, estoy muy contento con mi compra y se nota un gran salto del 12 pro a este modelo."
Es fabuloso y las funciones excelentes.
"Todo s√∫per bien, producto original, trae ranura para sim. Cambi√© de iphone xr a este modelo y s√≠ es una gran diferencia, contento con mi compra."
Totalmente original y a un buen precio.
Excelente.
"El tel√©fono es sin duda original, versi√≥n usada en m√©xico (a3105), libre de f√°brica, y por supuesto que con la garant√≠a y cobertura de apple, hasta ahora todo bien y en cuanto a bater√≠a parece comportarse bien, sin duda muy buena compra."
"Excelente tel√©fono, original y nuevo."
"Es original el producto, chequ√© el n√∫mero de serie y la etiqueta visible con luz uv y todo coincid√≠a, como tal el dispositivo es una maravilla, lo recomiendo, el color titanio azul es precioso."
"Sin duda alguna la mejor compra, a√∫n no lo configuro por falta de tiempo pero todo marcha bien el equipo es original, versi√≥n de m√©xico a3105, el empaque nada del otro mundo es mercado libre viene en una bolsa pero el dispositivo ven√≠a completamente cerrado. Recomendado si o si."
"En lo personal me gust√≥ mucho, apenas tengo unas horas con el, no puedo opinar sobre el funcionamiento."
"El iphone, excelente calidad, no encontrado ninguna mala cr√≠tica.
Pero con respecto a su caja, pues si viene maltratada da√±ada, pero sellada, eso quiere decir que el iphone es totalmente nuevo.
Lo √∫nico que si no me gust√≥ es que dec√≠an que era doble chip y solamente trae para uno y eso ser√≠a todo."
"Tuve muchas dudas al principio pero al final fue una excelente compra pues recib√≠ la versi√≥n nacional de aqu√≠ de m√©xico, la caja estaba integra cero maltratada, producto 100% original con 6 meses de m√∫sica gratis, 3 meses de tv y 3 meses fitness‚Ä¶100% compatible con apple care. S√© que manejan diferentes versiones pero al menos yo tuve suerte de recibir la nacional, la bater√≠a dura mucho m√°s que la de mi samsung y huawei anterior, estoy muy contento."
Es muy hermoso. Los lentes de la c√°mara son gigantes üòç es perfecto lo amo.
"Todo muy bien, original sellado ü´∂üèª."
"Producto excelente, es lo que esperaba!!."
"Es un iphone, que mas puedo decir, su autonom√≠a es incre√≠ble, aunque la verdad apple sobrevalora sus productos, estoy muy contento con mi compra y se nota un gran salto del 12 pro a este modelo."
Es fabuloso y las funciones excelentes.
"Todo s√∫per bien, producto original, trae ranura para sim. Cambi√© de iphone xr a este modelo y s√≠ es una gran diferencia, contento con mi compra."
Totalmente original y a un buen precio.
Excelente.
"El tel√©fono es sin duda original, versi√≥n usada en m√©xico (a3105), libre de f√°brica, y por supuesto que con la garant√≠a y cobertura de apple, hasta ahora todo bien y en cuanto a bater√≠a parece comportarse bien, sin duda muy buena compra."
"Excelente tel√©fono, original y nuevo."
"Es original el producto, chequ√© el n√∫mero de serie y la etiqueta visible con luz uv y todo coincid√≠a, como tal el dispositivo es una maravilla, lo recomiendo, el color titanio azul es precioso."
"Sin duda alguna la mejor compra, a√∫n no lo configuro por falta de tiempo pero todo marcha bien el equipo es original, versi√≥n de m√©xico a3105, el empaque nada del otro mundo es mercado libre viene en una bolsa pero el dispositivo ven√≠a completamente cerrado. Recomendado si o si."
"En lo personal me gust√≥ mucho, apenas tengo unas horas con el, no puedo opinar sobre el funcionamiento."
"El iphone, excelente calidad, no encontrado ninguna mala cr√≠tica.
Pero con respecto a su caja, pues si viene maltratada da√±ada, pero sellada, eso quiere decir que el iphone es totalmente nuevo.
Lo √∫nico que si no me gust√≥ es que dec√≠an que era doble chip y solamente trae para uno y eso ser√≠a todo."
"Tuve muchas dudas al principio pero al final fue una excelente compra pues recib√≠ la versi√≥n nacional de aqu√≠ de m√©xico, la caja estaba integra cero maltratada, producto 100% original con 6 meses de m√∫sica gratis, 3 meses de tv y 3 meses fitness‚Ä¶100% compatible con apple care. S√© que manejan diferentes versiones pero al menos yo tuve suerte de recibir la nacional, la bater√≠a dura mucho m√°s que la de mi samsung y huawei anterior, estoy muy contento."
Es muy hermoso. Los lentes de la c√°mara son gigantes üòç es perfecto lo amo.
"Todo muy bien, original sellado ü´∂üèª."
"Producto excelente, es lo que esperaba!!."
"Es un iphone, que mas puedo decir, su autonom√≠a es incre√≠ble, aunque la verdad apple sobrevalora sus productos, estoy muy contento con mi compra y se nota un gran salto del 12 pro a este modelo."
Es fabuloso y las funciones excelentes.
"Todo s√∫per bien, producto original, trae ranura para sim. Cambi√© de iphone xr a este modelo y s√≠ es una gran diferencia, contento con mi compra."
Totalmente original y a un buen precio.
Excelente.
"El tel√©fono es sin duda original, versi√≥n usada en m√©xico (a3105), libre de f√°brica, y por supuesto que con la garant√≠a y cobertura de apple, hasta ahora todo bien y en cuanto a bater√≠a parece comportarse bien, sin duda muy buena compra."
"Excelente tel√©fono, original y nuevo."
""
"Hasta ahorita todo muy bien, pude configurarlo con mi anterior iphone y todo bien la caja ven√≠a sellada, y quise corroborar lo del c√≥digo de si era originar y hasta ahorita todo bien."
El producto tiene buena calidad pero la autonom√≠a de la bater√≠a est√° reducida con respecto a generaciones anteriores ejemplo: si el iphone 14 te daba 9 horas de video este solo llega a 7 horas as√≠ que si consideran comprar el tel√©fono tomen en cuenta ello.
"El producto es original; si bien la caja vino un poco sucia, tra√≠a todos sus sellos de nuevo.
Hasta el momento todo funciona de maravilla; es muy fluido; su c√°mara de excelente calidad; y se agradece que ahora traiga conexi√≥n de carga usb c."
"Tenia yo el pro max 12, veo mejor acabados en mi viejo iphone. La camara tiene ligera mejora, pero no sustancial el oppo que compre para el trabajo esta casi igualüôÑ. En la repuesta del ios deja mucho que desear, a veces se traba un poco. Y bueno de la bronca de calentamiento si es perceptible.
La mejor unicamente lo del usb-c, pero si apple lanza una campa√±a para cambio en viejos modelos no les conviene tanto el cambio hasta el 16. Y esperemos mejoras en el ios a trav√©s de actulizaciones."
Excelente tengo un 13 pro max. Y pesa menos el 15 pro max pero bueno es muy bueno el tel√©fono hay que sacarle provecho.
""
"Estoy encantado con ese tel√©fono. Ten√≠a un iphone 14 pro max, y decid√≠ cambiar a este por el usb c. Realmente no siento una gran diferencia, puesto ten√≠a la gama m√°s top del a√±o pasado y este a√±o la diferencia es m√≠nima sin embargo, el usb c. Hace much√≠sima diferencia."
Todo excelente!!.
"Que les puedo decir:.
Es un iphone (y actualmente, el mejor).
No cambia mucho con respecto del 14 pro m√°x, ni en el precio.
Bueno, bonito y caro.
El cambio de material de aluminio a titanio fue lo √∫nico que me hizo tomar la decisi√≥n de traer otro iphone ( si, traigo el 14, y 15 pro m√°x), el cambio de sistema operativo, la seguridad en sus aplicaciones, libre de virus (aunque hay muchas gratis, algunas si tienen un costo caro, que si lo usas para tu negocio: se paga solo. Y si es para ocio, pues est√° bien que te concientas.
Iphone es un signo de distinci√≥n y satisfacci√≥n personal que te hace sentir mejor, date un gusto, consi√©ntete, o sorprende a ese ser especial con un detalle incre√≠ble, que seguro le agradar√° y lo sorprender√°s gratamente. Feliz compra y que lo disfruten al 100%."
Todo muy bien. Ten√≠a dudas pero no tengo ning√∫n problema con el equipo.
"Excelente compra, equipo completamente original versi√≥n americana, no china. Bater√≠a larga duraci√≥n, excelente c√°mara, vale la pena."
"Muy bieeen, mercado libre fue el √∫nico lugar donde pude conseguir el iphone en todos los lugares y tiendas estaba agotado üò™ pero creo que por el precio y por la bonificaci√≥n de banamex estuvo bien adquirirlo aqui."
"Estoy conforme con mi tel√©fono, no se ha puesto lento ni se calienta, pase de 13 pro max a este y me gusta que no pesa, el otro llegaba el momento que era inc√≥modo seguir teni√©ndolo en mano, aunque realmente el √∫nico cambio que veo es el zoom, la isla no es nada sorprendente ni √∫til."
"Todo muy bien, solo deber√≠an de cuidar la est√©tica de la caja! y muchas gracias es un excelente equipo!."
"Es original el producto, chequ√© el n√∫mero de serie y la etiqueta visible con luz uv y todo coincid√≠a, como tal el dispositivo es una maravilla, lo recomiendo, el color titanio azul es precioso."
"Sin duda alguna la mejor compra, a√∫n no lo configuro por falta de tiempo pero todo marcha bien el equipo es original, versi√≥n de m√©xico a3105, el empaque nada del otro mundo es mercado libre viene en una bolsa pero el dispositivo ven√≠a completamente cerrado. Recomendado si o si."
"En lo personal me gust√≥ mucho, apenas tengo unas horas con el, no puedo opinar sobre el funcionamiento."
"El iphone, excelente calidad, no encontrado ninguna mala cr√≠tica.
Pero con respecto a su caja, pues si viene maltratada da√±ada, pero sellada, eso quiere decir que el iphone es totalmente nuevo.
Lo √∫nico que si no me gust√≥ es que dec√≠an que era doble chip y solamente trae para uno y eso ser√≠a todo."
"Tuve muchas dudas al principio pero al final fue una excelente compra pues recib√≠ la versi√≥n nacional de aqu√≠ de m√©xico, la caja estaba integra cero maltratada, producto 100% original con 6 meses de m√∫sica gratis, 3 meses de tv y 3 meses fitness‚Ä¶100% compatible con apple care. S√© que manejan diferentes versiones pero al menos yo tuve suerte de recibir la nacional, la bater√≠a dura mucho m√°s que la de mi samsung y huawei anterior, estoy muy contento."
Es muy hermoso. Los lentes de la c√°mara son gigantes üòç es perfecto lo amo.
"Todo muy bien, original sellado ü´∂üèª."
"Producto excelente, es lo que esperaba!!."
"Es un iphone, que mas puedo decir, su autonom√≠a es incre√≠ble, aunque la verdad apple sobrevalora sus productos, estoy muy contento con mi compra y se nota un gran salto del 12 pro a este modelo."
Es fabuloso y las funciones excelentes.
"Todo s√∫per bien, producto original, trae ranura para sim. Cambi√© de iphone xr a este modelo y s√≠ es una gran diferencia, contento con mi compra."
Totalmente original y a un buen precio.
Excelente.
"El tel√©fono es sin duda original, versi√≥n usada en m√©xico (a3105), libre de f√°brica, y por supuesto que con la garant√≠a y cobertura de apple, hasta ahora todo bien y en cuanto a bater√≠a parece comportarse bien, sin duda muy buena compra."
"Excelente tel√©fono, original y nuevo."
