"id","comentarios"
"1","El acabado en titanio negro es hermoso. No decepciona Apple"
"2","Me llego en tiempo y forma, cerrado correctamente, lo abr√≠ y tengo 1 d√≠a us√°ndolo, todo bien hasta el momento, s√∫per enamorada de su funcionamiento y del celular üì± estoy encantada al d√≠a de hoy.
La √∫nica sugerencia es que cuando empacan el celular m deber√≠an llenar alrededor de la caja donde lo ponen con papel o algo para que no ande suelto, por que la caja si llego un poco raspadita."
"3","Llego perfecto, caja nueva sellada quiz√° un poquito malteada la caja pero muy poco. Llego r√°pido al d√≠a siguiente y lo mejor que lo consegu√≠ con bonificaciones Banorte tdc y me quedo 18,000 y algo"
"4","Lo compr√© con una s√∫per oferta y la verdad me ha gustado mucho lo suave y r√°pido que es"
"5","La caja lleg√≥ en Excelente estado, no hay nada mejor que comprar el producto nuevo, vale la pena por el costo beneficio. Estoy encantada con mi nuevo iPhone, al fin jubil√© al 11 pro que ten√≠a. 10 de 10"
"6","Llego perfecto , en tiempo."
"7","Lleg√≥ en tiempo y forma, sin da√±os. Llevo 2 meses con el tel√©fono y todo va en orden"
"8","Lo que uno espera de un iPhone."
"9","El mejor celular en rendimiento, mejoraron much√≠simo la duraci√≥n de su bater√≠a. Las c√°maras tienen una calidad impresionante, y la fluidez del manejo del equipo, a√∫n en condiciones de edici√≥n de video en 4K es fabuloso. La mejor compra y a un excelente precio."
"10","Excelente"
"11","Excelente, llego la caja un poquito manchada, todo en orden, el color negro es muy bonito, √∫til y muy potente, me lleg√≥ un d√≠a antes de la fecha de entrega."
"12","Recib√≠ justo lo que esperaba y en buena calidad. La caja un poco rayada pero es lo mismo del desgaste de transporte. De ahi en fuera todo super bien con mi nuevo iPhone!"
"13","a todoooo dar"
"14","Excelente"
"15","Exc√©lente art√≠culo , me encant√≥"
"16","Los iPhones Pro Max suelen destacar por:

C√°mara avanzada: Apple tiende a incorporar tecnolog√≠a de c√°mara innovadora en sus modelos Pro Max, ofreciendo mejoras significativas en calidad de imagen y capacidades fotogr√°ficas y de video.

Pantalla grande y calidad de visualizaci√≥n: La versi√≥n ""Max"" de los iPhones suele tener una pantalla m√°s grande con tecnolog√≠a OLED de alta calidad, ofreciendo colores vibrantes y una experiencia visual inmersiva.

Rendimiento y potencia: Los modelos Pro Max generalmente vienen con el hardware m√°s avanzado de Apple en t√©rminos de procesadores y rendimiento, lo que garantiza una experiencia fluida y r√°pida en el uso diario y en aplicaciones exigentes.

Duraci√≥n de la bater√≠a: Suelen ofrecer una bater√≠a de larga duraci√≥n, lo que es beneficioso para aquellos que requieren un dispositivo con una buena autonom√≠a."
"17","El tel√©fono funciona correctamente, el √∫nico detalle son peque√±os ara√±azos en la pantalla pero con el protector ya no se aprecian, todo lo dem√°s al 100. Un 95 de 100"
"18","La bater√≠a dura poco y tiene mala recepci√≥n de la se√±al."
"19","F√≠sicamente impecable, como nuevo, ya le cargue mi cuenta y funciona perfectamente, la bater√≠a dura m√°s de 48 horas, pantalla funcionando correctamente as√≠ como los botones, no dir√≠a que es un tel√©fono renovado. La relaci√≥n calidad-precio fant√°stica, a√∫n falta colocar la tarjeta sim. Tengo a√∫n dos meses para seguir probando el iPhone pero hasta hoy estoy satisfecho."
"20","Est√©tica casi perfecta un 9/10
Muy buenas c√°maras y zoom
Pero no tiene ranura para SIM
Y la ESIM que le intentaba registrar no me lo permiti√≥, tuve que solicitar devoluci√≥n."
"21","Excelente calidad sin detalles externos, env√≠o muy r√°pido"
"22","Re acondicionado-Excelente, pero tiene varios detalles en las esquinas, pantalla rayada y el auto brillo no funciona. Estoy consiente que es re acondicionado, pero no est√° excelente."
"23","Muy buen producto, a pesar de ser re acondicionado no vienen con ning√∫n golpe, ray√≥n o tan desgastada la pila (92 de vida), sin duda lo recomiendo por el precio, 10/10"
"24","En base a lo explicado por parte de Amazon renewed. B√°sicamente el el tel√©fono viene super bien. Funciona perfectamente, solo con unos peque√±os rasgu√±os en los costados y un poco sobre la pantalla aun costado del bot√≥n de bloqueo.
Lo √∫nico que no me gust√≥ es que lleg√≥ con el 89% de bater√≠a a pesar de las especificaciones que deber√≠a ser m√≠nimo de 90% seg√∫n la categor√≠a que le dieron.
Muy recomendable üëå."
"25","Lleg√≥ el d√≠a esperado, evidente con su cargador gen√©rico, pero lo que me sorprendi√≥ es que ven√≠a con un 100% de capacidad de la bater√≠a, y su garant√≠a de f√°brica aun valida. Ning√∫n detalle est√©tico, como si fuera totalmente nuevo."
"26","Llego muy bien con un cable gen√©rico pero todo bien, en general el equipo esta en buen estado sin rayones √∫nicamente un rasp√≥n en la parte superior izquierda pero no se ve mucho y con mica, estaba viendo que algunos les entregan cargador, en mi caso solo fue el cable."
"27","La bater√≠a me lleg√≥ al 90% y solo se ve un peque√±o detalle en la pantalla, casi ni se nota, por el resto est√° genial"
"28","Nos lleg√≥ con una raya en la pantalla"
"29","Play Video
El tel√©fono es muy bonito, pero tiene varios detalles est√©ticos, la mica que le agregaron para protecci√≥n, cubr√≠a un ray√≥n que ten√≠a, tiene m√∫ltiples raspones alrededor del tel√©fono pero es completamente funcional, no genera conflicto con este, las c√°maras funcionan incre√≠ble, es un buen producto pero pudieron referirse mucho mejor a el en la descripci√≥n"
"30","El equipo lo compr√© en calidad ‚Äúbueno‚Äù y me lleg√≥ un equipo que calificar√≠a como 9.5 de 10, la pantalla y la parte trasera del equipo est√°n excelentes, solo un peque√±o muy leve rasp√≥n en la esquina superior derecha que muestro en las fotos, sin duda es una excelente compra, lo recomiendo ampliamente."
"31","Me lleg√≥ en buen estado y con 100% de bater√≠a
Unos peque√±os golpes en la pantalla sin afectar su funcionamiento"
"32","La verdad un excelente producto, mejor de lo que esperaba, la pila me llego al 100% y est√©ticamente esta 10-10 solo tiene un ligero ray√≥n que ni se nota"
"33","Lleg√≥ r√°pido y en s√∫per buen estado"
"34","Lo compr√© en oferta en color blanco y es muy bonito, lo mismo de siempre pero un poco m√°s potente."
"35","No es posible! Lo compre, llego en otro color y el celular NO FUNCIONABA. Nunca prendi√≥, e inclusive se ve√≠a USADO.

Lo regres√© y llevo m√°s de un mes esperando a que me reembolsen mi dinero cuando el producto ya lo tienen de vuelta."
"36","Por lo general evitaba este tipo de productos y preferir√≠a pagar una instalaci√≥n de pantalla pero ya no mas. Me sorprendi√≥ lo f√°cil que fue instalarlo. Tiene una excelente relaci√≥n calidad-precio, ya que incluye 3 unidades, y el cristal no solo se ve, sino que tambi√©n se siente de muy buena calidad. Si tienes un iPhone, este producto es altamente recomendado, especialmente porque, aunque las nuevas pantallas son m√°s resistentes a los golpes, son m√°s propensas a rayarse. Una compra imprescindible para proteger tu inversi√≥n."
"37","-Las ‚Äúmicas‚Äù, vienen en un juego de tres, adem√°s cuenta cada una con un limpiador y una toallita para limpiar, es decir, vienen en juego de tres. Adem√°s, cuenta con un marco que ayuda a que coloques las micas protectoras con m√°s facilidad

La colocaci√≥n fue sencilla, pues viene con una especie de cosita que ayuda a que pegues mejor la mica para sacarle las burbujas de aire que quedan atrapadas

Un detalle y esto t√≥malo con cautela porque fue mi percepci√≥n, al momento de colgar la mica, sent√≠ que se perd√≠a el brillo de la pantalla, es decir, esa resoluci√≥n con la que vez al iPhone, sent√≠ que se ‚Äúapag√≥‚Äù un poquito con la mica, pero nada que sea de importancia y que no se pueda solucionar si subes el brillo

Es muy poco lo que llevo us√°ndola para saber que tanto se raya, o que tanto resiste (espero no necesitar comprobar esto) pero te puedo decir que por el precio, vale la pena pues te evitas ir a una plaza donde te van a cobrar lo mismo por una sola mica (aqu√≠ te dan 3)"
"38","Estos protectores siempre cumplen. Adem√°s, ahora son m√°s f√°ciles de instalar."
"39","Muy bueno, queda a la medida. Muy recomendable."
"40","Buen producto"
"41","Trae todo lo necesario para colocarlo. Lo que lo hace f√°cil. El vidriero casi no se siente que lo tienes puesto. Si lo pones bien no deja marcas. Buen precio por 3 vidrios"
"42","He comprado este protector ya un par de veces para varios telefonos, funciona bien, se instala facil y protege bien el dispositivo."
"43","la mica es super transparente y se adapta muy bien a la pantalla del iphone, el touch funciona de maravilla, ademas ayuda mucho la herramienta para colocarlo en la superficie, evitando los grumos de aire"
"44","Es un producto muy completo, la mica ajusta perfectamente y te proporcionan todo desde un marco para que se alinee con mucha precisi√≥n, hasta los pa√±os de limpieza y bandas para eliminar pelusas. Me deja muy complacido."
"45","Pedi este producto dos veces y la verdad es que no me decepcion√≥"
"46","Qued√≥ a la perfecci√≥n no se nota que tenga mica"
"47","Excelente cristal templado. A mi esposa le encant√≥"
"48","Esta l√≠nea de protectores sale muy buena, y la ventaja es que vienen 2 o 3, seg√∫n el paquete que compres.
Yo los regres√© porque comet√≠ la equivocaci√≥n de comprar para iPhone 15 y yo necesitaba para iPhone 12. Cuando pregunt√© si les quedaba, porque la pantalla es del mismo tama√±o, el vendedor contest√≥ pronto y me dijo que eran diferentes, que los cambiara. El cambio fue muy f√°cil y muy r√°pido."
"49","Es f√°cil de colocar y con una funda ni siquiera se nota"
"50","He utilizado mucho esta marca y es una marca decente, nada espectacular pero es buena."
"51","Llegaron en perfecto estado y es muy f√°cil de instalar ya que trae un molde!!"
"52","Queda bien con el iPhone 15."
"53","Muy buenas micas"
"54","Me gusto la calidad y practicidad al ponerlo."
"55","Muy buena calidad, siempre compro de esta marca"
"56","R√°pido y f√°cil de poner"
"57","Excelente"
"58","Excelente producto, el cristal es bastante grueso pero eso no afecta la operaci√≥n del tel√©fono y su colocaci√≥n es muy f√°cil con ayuda de la herramienta que viene inclu√≠da."
"59","le ha protegido perfecto la pantalla de mi celular, no se ha roto ni una sola vez"
"60","Excelente calidad"
"61","Buena calidad y excelente precio"
"62","Good"
"63","Muy buena calidad el producto"
"64","Excelente le queda perfecta"
"65","Muy buena mica, desde que lo compr√© hace 5 meses no he tenido necesidad de cambiarla y se agradece que el paquete sea de tres para cuando suceda algun imprevisto. La herramienta hace muy bien su trabajo para colocar"
"66","F√°ciles de poner"
"67","Los he comprado por 3ra ocasi√≥n, protegen bien el display por el precio.

Son de f√°cil colocaci√≥n y cuenta con todo lo necesario."
"68","Excelente"
"69","Esta marca nunca decepciona"
"70","Qued√≥ perfecto"
"71","me encant√≥"
"72","La funda se ajusta perfecto y es s√∫per transparente. Vamos a ver cuanto dura pero es la m√°s econ√≥mica que consegu√≠"
"73","Muy f√°cil de poner y trae sus pa√±os limpiadores"
"74","Segunda vez que la pido porque esta mica es una maravilla. De marzo 2024 a hoy ha salvado a mi celular 2 veces. La √∫ltima tras caer boca abajo de 1 metro de altura: la mica estaba cuarteada, pero la pantalla intacta. Y el sistema para ponerla es s√∫per bueno, te asegura 0 burbujas y queda totalmente derechita. La amo."
"75","Muy bien deslizamiento. Mejor resoluci√≥n. F√°cil instalaci√≥n."
"76","Buen material, y sencillo para su colocaci√≥n"
"77","Protector de celular, la calidad"
"78","Bien, el kit viene con 3 protectores y su marco para instalar derechito.

Mal porque se despostillan de la nada, me chut√© las 3 micas en 3 meses porque siempre se despostillaban.
Lo tengo con funda de borde alto y no s√© porque les pasan eso, hago Home Office y no es como que todo el tiempo traiga el celular el la bolsa del pantal√≥n, siempre est√° en mi escritorio o mesa de noche y a√∫n con eso se despostillan.

Protegen bien y son de calidad pero quiz√° las m√≠as salieron defectuosas o yo que s√©.

Pero cumplen."
"79","Silicon transparente que ajusta muy bien"
"80","Lo √∫nico bueno es que trae 3 porque se rompen f√°cilmente, hay que tener mucho cuidado ‚ö†Ô∏è ."
"81","Excelente producto, viene con todo para aplicar con 3 micas que fue lo que m√°s me gust√≥, pens√© que solo ven√≠a una"
"82","Por el precio me parece una gran compra, f√°cil de instalar y al parecer muy resistente. Ya veremos con el tiempo."
"83","Cumple con su cometido, muy bien para proteger tu iPhone."
"84","Siempre compro micas JETech por su calidad y su f√°cil instalaci√≥n, ahora vienen con una gu√≠a para que queden perfectas. Consideren que aunque el iPhone 15 y 15 pro tienen indicado el mismo tama√±o de pantalla (6.1‚Äù), no son iguales y no se ajustan con las fundas correctamente."
"85","Tiene un aparato que te ayuda a alinear la mica, y queda bien sin estar batallando. Esta mica tambi√©n le queda al iP13"
"86","Queda perfecto el el iPhone y muy f√°cil de instalar"
"87","F√°cil de colocar y de buena calidad"
"88","La resistencia del cristal, el grosor y el tama√±o es excelente para proteger la pantalla de tu iPhone 15 pro.

Tengo un PERO para este kit, el kit en general es muy bueno y completo (calidad precio) pero el marco gu√≠a que ponen no te da esa seguridad de ponerlo bien ya que tiene unos picos como gu√≠a y no es el marco completo, tiene su chiste para ponerlo por que si lo pones de arriba hacia la parte de abajo te quedar√° algo chueco, no es para espantarse pero si se nota, si quieres una buena instalaci√≥n tienes que hacerlo de uno de los lados a otro, me di cuenta haciendo varios intentos con uno de los cristales antes de desperdiciar otro de los 3 que te env√≠an.

Quitando eso de la instalaci√≥n, el kit es muy bueno y de muy buena calidad
Por eso le doy 4 estrellas

Recomendable !!!"
"89","Me gust√≥. Se ve que protege bien al celular"
"90","Me gust√≥ por que fue f√°cil de poner"
"91","Bien viene con todo lo necesario para instalarlo bueno qued√© satisfecha"
"92","No se pierde calidad de imagen, tiene buen precio y queda excelente gracias al marco. Adem√°s de que se siente bien al tacto."
"93","Lo he comprado para mis telefonos y peotege la pantalla muy bien"
"94","Excelente calidad, incluye todo lo necesario para hacer la aplicaci√≥n por uno mismo de manera sencilla"
"95","Es bueno sin embargo el marco que te ayuda a poner la mica no encaj√≥ bien en el celular para poner correctamente la mica siendo este para el celular que lo compre"
"96","exelente"
"97","Hoy se cumplen 2 meses exactamente desde compre este producto; venian 3 protectores y hoy ya no tengo ninguno. En mi caso, la herramienta si quedo bien en mi iPhone 15 pro (tienes que usar la herramienta sin case), y fue un poco dificil de instalar mas que nada por el hecho de tratar que no entren particulas ni queden burbujas, pero creo eso en general conlleva mucha atencion para dejar una instalacion buena.
Vi que mucha gente decia que no pegaban bien las orillas o quedaban burbujas, pero vuelvo a lo mismo, creo que eso es mas dependiente de como lo instalan, a el producto en si.
Lo malo de este es la resistencia: 2 meses y ya use los 3 protectores, se rompen facilmente al uso cotidiando. El 1ero un dia lo saque de mi bolsillo y estaba astillado, el 2do lo mismo, y el 3ero si se me cayo el cel y se rompio (aunque cumplio su funcion y solo se estrello el protector y no la pantalla).
Por 200 pesos, tampoco creo que uno se pueda poner tan exigente."
"98","Buen√≠sima, buena calidad al mejor precio. De verdad es una de la mejores compras que he hecho. La recomiendo mucho."
"99","Lleg√≥ muy bien en su empaque, su instalaci√≥n es muy sencilla de realizar. Siempre es garant√≠a cualquier producto JETech"
"100","La rapidez de env√≠o y entrega"
"101","Aplicaci√≥n f√°cil"
"102","Con el instalador es mucho m√°s f√°cil al momento de instalar la mica quede de recta con el celular"
"103","Esta marca me gusta mucho porque se adapta exacto el protector al modelo de tel√©fono y es duradero"
"104","Siempre hab√≠a comprado fundas Apple originales pero por el tiempo de entrega compr√© √©sta funda y qued√© gratamente sorprendido, es muy s√≥lida, se agarra bien el tel√©fono, y sobre todo me gust√≥ que en la parte posterior tiene los bordes levantados casi a la altura de las c√°maras, agregando sujeci√≥n, y al incluir la Wallet magn√©tica queda menos salida de la funda, haciendo m√°s c√≥moda la sujeci√≥n al agregar una cartera. El √∫nico tema es que la grasa se le pega f√°cil (tambi√©n pasa con fundas originales de silicona) y se puede sentir resbalosa, pero no se pierde pr√°cticamente sujeci√≥n. El MagSafe es muy fuerte y funciona perfecto. Lo recomiendo mucho."
"105","Muy buena calidad"
"106","Se coloca muy f√°cil con el marco de apoyo y no se ensucia de huellas como otros. Me gusta que cubre completamente la pantalla."
"107","Transparente y resistente"
"108","Me pareci√≥ muy bien que vengan 3 micas y sus kits de limpieza, anteriormente ya hab√≠a tenido una y dur√≥ bastante tiempo hasta que se me cay√≥ mi telefono. Las recomiendo. Adem√°s le quedan bien a un iPhone 14 pro :)"
"109","Me sorprende que aun en ls tiendas oficiales de apple no vendan protectores de pantalla oficiales para su producto estrella, Apple trabaja de la mano con la marca BELKIN, y me dijeron que todav√≠a no ten√≠an ni las protecciones ni la maquina para ponerlos, lo cual me sorprendi√≥

Pero este cristal templado, queda excelente, viene con un dispositivo que ayuda a la colocaci√≥n y que quede en su lugar, pero aun asi me quedaron algunas basuras atrapadas, ah√≠ es cuesti√≥n de la persona que lo ponga"
"110","Cubre al 100% el total de la.pantalla vienen 3 as√≠ que en caso de da√±arse unala puedes cambiar compr√© la no t arrepentir√°s"
"111","Excelente producto la pantalla se ve genial"
"112","Caracter√≠sticas"
"113","Cubre con la descripci√≥n, excelente producto"
"114","La recomiendo"
"115","Resistente
Protege la pantalla"
"116","Muy buena calidad y f√°cil de instalar, sin marcos feos que disminuchen la vision de la pantalla, totalmente cristalina. Lo mejor de todo es que vienen 3 a precio de 1. Vas a una plaza de la lacrer√≠a y se atacan vendiendote una al mismo precio y todav√≠a con marcos feos y de dudosa calidad.

Solo que de verdad tengan cuidado, de preferencia no tener un ventilador o cualquier fuente de aire que les pueda aventar polvo, porque cualquier mota de polvo que le pueda caer har√° que deje burbujas que ya no se puedan quitar. Yo hasta la tercera me qued√≥ bien XD

Lo volver√≠a a comprar 10/10"
"117","F√°cil de instalar, se hacen burbujas en las orillas"
"118","Trae tres micas, tiene buena calidad"
"119","F√°cil de instalar"
"120","Play Video
Ayuda mucho el soporte que incluye para poder colocar la carcasa correctamente. El material se siente bueno y trae su kit b√°sico para limpiar la pantalla antes de colocar la mica. El pegamento fij√≥ bien aunque le quedaron dos peque√±as pelucitas."
"121","Muy buen producto

Protege muy bien la pantalla del telefono"
"122","Viene con gu√≠a para ponerla, est√° s√∫per sencillo y f√°cil de instalar, recomendado"
"123","Muy buen protector son 3 en un paquete"
"124","Llevo mas de 5 a√±os comprando estos protectores de pantalla y excelente calidad y precio."
"125","Si me gusta mucho y protege bien , solo para instalarlo y que no le queden las famosas burbujas es una lata, fuera de eso todo bien. ya se me cayo y solo se estrello esto no la pantalla"
"126","Trae aditamentos para colocar"
"127","Siempre compro esta marca y nunca me ha fallado. Si protege bien la pantalla."
"128","Buena calidad de l cristal templado, se siente resistente para proteger la pantalla del Iphone y queda bien a la medida, ademas su herramienta de instalacion hace que sea muy preciso el poder colocar la mica, sin duda una buena compra para protger el telefono"
"129","Muy buen material, casi no se ensucia, las huellas no se mantienen tan f√°cil (suciedad) en la mica y es f√°cil de instalar"
"130","Entiendo que el punto de estas micas es que se rompan para que no se rompa la pantalla, pero se me rompieron con demasiada facilidad, con golpes muy peque√±os. Cambi√© de mica varias veces en un mes. Decid√≠ comprar una m√°s barata en una tienda local y llevo meses con ella por menos precio."
"131","De muy buena calidad, Encaj√≥ bien en la pantalla."
"132","Mal√≠sima calidad, no s√© por qu√© tiene tantas buenas reviews"
"133","Igual que la que venden en apple pero a un excelente precio y la colocaci√≥n super f√°cil"
"134","Son micas buenas, he comprado en varias ocasiones esta marca."
"135","Al igual que sus otros productos, el cristal es de buena calidad y dureza. Sin embargo los bordes son rectos, salvo que lo uses con una carcasa, no es agradable al tacto. Adem√°s, al ser recto acumula polvo."
"136","ugreen es sinonimo de calidad, la funda proteje tambien los lentes de la camara, la recomiendo mucho la vi junto a la original de apple y no tiene nada que envidiarle de echo visualmente a pesar de que es transparente igual que la original de apple esta de ugreen se ve mejor, tambien la de ugreen proteje bien todos el equipo y no deja descubierta la parte de abajo, el iman tiene mucha fuerza y lo mejor esta a un precio mas accesible"
"137","Me encant√≥ la funda, es la segunda vez que pido una, funciona con el cargador inal√°mbrico, no es estorbosa y protege muy bien el iPhone, el √∫nico ‚Äúpero‚Äù es que se llega a poner amarilla de los lados r√°pido"
"138","Me encant√≥, se adapta perfectamente al celular y los magnetos permiten cargar correctamente. Le verdad todos los productos Ugreen son de calidad."
"139","Muy buena calidad de material, el mag safe se adhiere muy bien, al tacto es muy agradable, no se resbala, cubre muy bien micro y bocinas, simplemente esta excelente! Ahora espero ver la duraci√≥n, aunque viniendo de UGREEN espero siempre lo mejor! Felicidades! No le bajen a la calidad por favor!"
"140","Est√©ticamente se ve muy bien, es buen material, no se resbala y aun as√≠ su apariencia no es como de goma, a mi parecer el borde que protege la pantalla es muy bajo y si usas una mica o cristal protector queda casi a la misma altura, se me cayo el celular con la pantalla hacia abajo y si llego a quebrarse el protector de pantalla, claro que para eso es y la pantalla del tel√©fono no sufri√≥ da√±o, pero tengo otro tel√©fono con otro modelo que tiene el borde mas alto y si se protege bien la pantalla (tambi√©n se me ha ca√≠do)"
"141","Tiene muy buena calidad, excelente ajuste y eficiencia, s√≥lo creo que hubiera preferido que tuviera un poco de color, pero todo bien."
"142","Gran producto, lleg√≥ a tiempo, el empaque no estaba da√±ado, se ajusta correctamente al
equipo, si funciona la carga inal√°mbrica, tiene buen agarre el im√°n, recomendado ampliamente."
"143","Est√° muy bonita la funda, se tiende de muy buen material, se siente premium, mejores que las de Apple"
"144","Perfecto"
"145","Excelente adquisici√≥n"
"146","Me gust√≥ , qued√≥ perfecto en el celular y lleg√≥ antes de lo esperado"
"147","Se mira bien y esperemos que no se haga amarillo r√°pido"
"148","Se nota baste la calidad y lo recomiendo much√≠simo."
"149","La funda es de calidad, pero ya teniendo un a√±o de uso ya se puso amarillienta, protege de golpes muy bien"
"150","Le queda como guante y no queda nada bromoso"
"151","Muy bien ..cumple con lo esperado"
"152","Tengo unos d√≠as us√°ndola y el color sigue igual sin ponerse amarilla, se me callo mi cel como de una se luyes de unos 80 cm. Y el cel como si nada y la carcasa como si nada"
"153","Este case est√° muy chido, hab√≠a comprado otras marcas en transparente y se me hac√≠an amarillos este ya llevo casi medio a√±o y sigue igual su color original."
"154","."
"155","Considero que es un buen producto, de calidad y est√©tico, solo queda ver si con el tiempo no se hace amarilla"
"156","Me sirvi√≥ muy bien
Le queda perfecto"
"157","Esta bonita, buena calidad pero si se marcan los dedos"
"158","Vale la pena el precio pagado por el material con el que se ha elaborado muy c√≥modo al tacto y proporciona m√°s seguridad al tenerlo en la mano .. lo recomiendo"
"159","Buena funda para el iPhone sin queja alguna"
"160","C√≥mpralo es bonita"
"161","La verdad es un buen producto, me encant√≥ y lo recomiendo"
"162","Lo unico que no me gusto es que llega a oscurecer un poco el color original del iPhone, por lo dem√°s todo excelente."
"163","Tengo unos meses con ella y a√∫n no se pone amarilla, es de muy buena calidad y ha promete todo muy bien mi iPhone, la recomiendo mucho y volver√≠a a comprar!!"
"164","Muy buena funda, flexible, pero resistente, no se ha hecho amarilla"
"165","Protege muy bien el iPhone, solo espero que con el tiempo no se ponga amarillo, funciona muy bien MagSafe"
"166","Caro pero bueno"
"167","Cumple, mas no el amarillento que a 10 meses de uso ya se nota. Eso si aguanta los golpes y protege el tel√©fono, cosa que si me gusto"
"168","Buena calidad , le queda como guante a mi iPhone 15 pro el √∫nico detalle que si se pone amarilla de los laterales despu√©s de aproximadamente 6 meses de uso"
"169","Muy buen producto, buena material. Cumpli√≥ con mis expectativas."
"170","Muy pr√°ctica y ligera, permite que luzca el tel√©fono. Le queda perfecto."
"171","La funda est√° muy bien , solo veo un peque√±o detalle en el caso particular me interesa proteger las c√°maras del iPhone sin embargo por la funda que tiene no es posible protegerlas es lo √∫nico malo que le veo"
"172","B√°sica pero sin duda la mejor case"
"173","Relacion calidad precio, es muy buena funda se siente de un gran material, bastante transparente. El iman es muy bueno del Mag Safe"
"174","La proteccion a mi telefono ha sido buena sin embargo el color del plastico si se hace amarillento conforme pasan los dias"
"175","Despu√©s de 11 meses de uso e incluso desde menos tiempo se puso amarilla, cosa que en sus especificaciones aseguran que no se pondr√≠a."
"176","Buen precio"
"177","Ya se hizo amarilla"
"178","En si la funda est√° bien, se ve bien y se ve que si aguanta una ca√≠da pero es muy resbaladiza al tacto, siento que un d√≠a se me va a caer de las manos por lo mismo"
"179","Es un buen producto que protege tu tel√©fono. Adem√°s de que puedes comprar el adaptador para la carga inal√°mbrica, utilizando los imanes que lo mantienen estable durante la carga."
"180","Me agrada su dise√±o claro y l√≠neas definidas"
"181","La carcasa es de material no pl√°stico r√≠gido sino flexible, al tacto es muy agradable.
Ajuste perfecto sobre el iPhone, los botones calzan perfecto y pueden ser operados sin problema.
Su dise√±o no interfiere con ninguna de las funcionalidades del tel√©fono especialmente los parlantes superiores e inferiores, sonido n√≠tido.
A√∫n no pruebo la carga inal√°mbrica por lo que queda pendiente ese comentario.
Color transparente deja que luzca el iPhone 15 PRO Max en color Titanio natural.
Los resaltos para proteger las c√°maras y la pantalla al apoyarlo en superficie, son m√≠nimos pero protegen eficientemente sobre todo las lentes de las c√°maras.
Un excelente producto a un precio m√°s que razonable."
"182","Muy buena protecci√≥n para mi equipo y aunque es completamente lisa no se resbala de las manos"
"183","buen precio, buena funcionalidad buena calidad"
"184","Si se llega a poner amarillo despu√©s de unos meses"
"185","Solamente le falt√≥ poner la protecci√≥n para el conector para que no le entre basura y pelusa"
"186","Se pone amarillo aunque casi no se expone al sol"
"187","Es la primera funda que compro, si me gusto mucho, el material es resistente, nada suave. Lo √∫nico que no me agrad√≥ y fue culpa m√≠a, que tiene tambi√©n protecci√≥n para las c√°maras y yo traigo el vidrio extra para protegerlas y yo no me fij√© al momento de comprarlo. Pero se ajusta de lo mejor a tel√©fono."
"188","Es una excelente funda con buenos materiales y el MagSafe funciona s√∫per bien, lo √∫nico malo es que si se amarillenta de los bordes, llevo 6 meses con ella, no lo expongo al sol y a√∫n as√≠ se puso amarilla de las orillas.
No cumple del todo"
"189","No conserva la transparencia asi como llega nuevo.
lo compre en diciembre, es abril y ya se ve como color ahumado. Justamente compr√© este porque en la descripcion dice ""no amarillea"" y claro que si cambio de color.
Esperaba que durara mas.
Fuera de eso, cumple muy bien sus funciones."
"190","La calidad de la funda en general es buena, se me cay√≥ 1 vez y protegi√≥ completamente el tel√©fono, los imanes son m√°s fuertes que los del mismo iPhone pero no tanto (no son ‚Äús√∫per fuertes‚Äù como indica el producto), el problema es que la funda se puso amarilla en unos 3 meses lo cual me parece muy poco tiempo."
"191","Recomendable"
"192","Es la funda perfecta para el telefono, se adapta y lo protege bien de ca√≠das y golpes, polvo si entra entonces hay que limpiar continuamente. En 6 meses se empez√≥ a hacer amarillenta, ya no es tan transparente como nueva pero se sigue viendo muy bien.

El iman para magsafe es una joya"
"193","No es un mal producto, porque es est√©tico, pero no es nada resistente el material, si lo que buscan es protegerlo de ca√≠das este producto no les funcionar√°"
"194","Ajusta a la perfecci√≥n y se siente de buena calidad"
"195","Ajusto bien y en el tiempo que lo tengo no a quedado amarillo"
"196","Excelentes fundas, de muy buena calidad y precio, muy bien empaquetadas, recomendables. No esperes algo fuera de lo normal, simplemente cumplen como debe de ser, estilos sencillos, econ√≥micos, le quedan perfecto al modelo."
"197","Una funda que protege y tiene una excelente calidad"
"198","Sinceramente no soy de opinar, pero esta funda super√≥ mis expectativas, sobre todo porque hace resaltar el acabado de mi tel√©fono, adem√°s el material del que est√° echa es muy bueno, el Amat Sade tiene un agarre incre√≠ble, este producto lo recomiendo bastante!!!"
"199","Me gust√≥ mucho lo √∫nico que no me gust√≥ es que se le filtra un poco de basura o polvo dentro de la carcasa‚Ä¶"
"200","la verdad que confio mucho en los productos de UGREEN, no me ha salido ninguno malo y en general los materiales siempre son de buena calidad. Esta funda no es la excepcion.

Compre un holder magnetico para el tablero del carro y esta funda se adhiere fuertemente, no compromete en nada el agarre del telefono, y hasta ahora con 3 meses de uso no se ha maltratado ni empezado a ver amarilla"
"201","le quedo a la perfeccion al celular, a diferencia de la funda apple le entra menos polvo, en un par de caidas no muy altas ha funcionado bien, llevo 6 meses con ella y casi no se ha hecho amarilla, funcionada bien con cargardadores magsafe. lo recomiendo completamente"
"202","La mejor relaci√≥n calidad - precio.
Mes conserva transparencia y no se amarilla."
"203","SE SIENTE DE BUENA CALIDAD, CON RELACION AL PRECIO."
"204","Muy buen material, y qued√≥ exacto para mi tel√©fono"
"205","Se ve bien"
"206","Es buena la carcasa, la compr√© porque que dec√≠a que era anti amarillo pero despu√©s de algunos meses, como todas las carcasas trasparentes ya se hizo amarilla"
"207","UGREEN Funda para iPhone 15 Pro MAX lo compre y sigue muy bien claro clarito no se amarillenta como otros que compre de barata funciona bien la carga inal√°mbrica este si no se calienta como otras marcas que he probado si lo recomiendo y volver√© a comprar esta marca de micas y de accesorios"
"208","Muy buena funda, a la medida y totalmente buena!"
"209","Excelente producto y calidad"
"210","Llevo cerca de 4 meses y uso, cumple la funci√≥n de proteger, sin embargo ya comienza a notarse algo amarillenta de los laterales. La recomiendo pero solo como funda provisional"
"211","P√≥rtese bien mi iphone pero tengo problemas al instalarles la mica por que se levantan por los bordes de esta protecci√≥n , pero es excelente"
"212","Al cabo de 2 meses empieza a ponerse un poco amarilla de los bordes"
"213","Excelentes acabados, suave al tacto, sin rebabas y muy buen grip.
Imanes potentes.
Agrega poco volumen al dispositivo."
"214","Es muy buena funda, me gust√≥ mucho, se adapta muy bien al iPhone, se hizo amarilla como a los 4 mese de haberla comprado, as√≠ que si, eso de que no se hace amarilla es marketing."
"215","Se ajusta perfecto y despu√©s de algunos meses se sigue viendo bien"
"216","Excelente relaci√≥n precio y calidad"
"217","cuando destape el equipo logre apreciar que es un material de calidad y mayormente rigido, eso es importante, no se ha puesto amarillento, cumple buena funcion en magsafe, me agrada que tenga proteccion en los lados de la camara, m√°s sin embargo quedan al ras con las lentes de la misma, a veces me dan miedo se rayen cuando lo pongo en superficies, debido a eso suelo ponerlo boca abajo"
"218","Se siente bastante bien al tacto y la calidad es indudable,"
"219","Me gusta mucho como se ve sobre todo que protege muy bien el cuadro de las c√°maras, no se activa el MagSafe como con las originales y faltar√° ver si en verdad no se pone amarilla con el tiempo ya que la venden como un producto al cual no le sucede eso hasta el momento contento con la compra"
"220","Excelente calidad y me encanta poder cargar mi tel√©fono sin necesidad de remover el protector"
"221","Dice anti amarillos y se est√° amarillando la m√≠a tiene 3 meses y ya se coloro"
"222","S√∫per recomendable!"
"223","buena funda, si se pone amarilla, pero despu√©s de un tiempo, por el precio est√° bien (unos 300) como tip est√° m√°s barata en aliexpress, eso si, se tarda bastante m√°s en llegar y pues te arriesgas m√°s ya que lo mandan por correos de m√©xico, nada que ver con amazon prime."
"224","Excelente compra, la funda es muy buena, buena construcci√≥n, recomendada su compra!"
"225","Relaci√≥n precio calidad es excelente, est√° mejor que la original de Apple, recomendado 10 de 10"
"226","Excelente producto, buena apariencia excelente textura y ajusto muy bien al tel√©fono."
"227","Se percibe de buena calidad, relativamente suave en los bordes, lo cual da una sensaci√≥n agradable, cubra la parte de alrededor de los lentes de la c√°mara, lo cual se agradece. Cubre perfectamente el tel√©fono. Espero que tambi√©n resista y cubra al iPhone al caerse. 10 de 10 por el momento."
"228","Cubre perfecto el tel√©fono, funciona bien con el cargador magn√©tico, sin embargo, al cubrir tambi√©n los botones, constantemente est√° tomando capturas de pantalla porque la presi√≥n de la funda activa la funci√≥n cada cierto tiempo, de ah√≠ en fuera todo bien"
"229","Queda excelente, muy buen acabado y material. Muy recomendable."
"230","Todo bien!!"
"231","A 9 meses de uso ha perdido su transparencia, torn√°ndose amarillo oscuro como se ve en la foto.
La protecci√≥n al celular es muy buena."
"232","Super√≥ la expectativa el producto. Muy recomendado"
"233","hay m√°s bonitos, m√°s econ√≥micos pero este llega r√°pido y es funcional :)"
"234","muy buena funda. trasparente y con muy buen grupo de imanes"
"235","En la descripcion dice que es anti amarillo y se me puso amarillo al mes"
"236","Solo lleg√≥ con un rasp√≥n m√≠nimo junto a un borde de la c√°mara, pero de ah√≠ en m√°s excelente!! buen estado, bater√≠a al 89%, sin duda volver√≠a a comprar con este vendedor"
"237","Ten√≠a dudas sin embargo me anim√© a pedirlo y lleg√≥ al otro d√≠a bien empacado con un cable gen√©rico de carga el celular ya tra√≠a una mica de pantalla completa pero la pantalla est√° intacta en general la est√©tica es de 98% solo tiene un micro golpecito muy imperceptible en la parte de arriba todo funcionando bien y corr√≠ con suerte de la pila al 100% el vendedor es buySPRY, muy bien por lo menos como me fue a mi lo recomiendo mucho les anexo fotos del art√≠culo fue un iPhone 13 Pro Max de 128 gb"
"238","Hice la compra y llego en 3 d√≠as. El tel√©fono viene bien protegido en una caja gen√©rica. Contiene el tel√©fono y el cable. El aparato tiene el 92% de vida √∫til para la bater√≠a y est√©ticamente es impecable. Tambi√©n ven√≠a con el protector de pantalla ya instalado.

En lo personal lo encontr√© con un muy buen descuento, si encontrara otro a ese mismo precio, sin duda comprar√≠a otro para alguien m√°s de mi familia"
"239","El producto lleg√≥ en el d√≠a estimado. Trae unos pocos rayones m√≠nimos de eso, pero nada grave. Sin embargo, me sorprendi√≥ que la capacidad de la bater√≠a est√° en 84%. Hace tienpo compr√© otro modelo acondicionado y la bater√≠a estaba al 100."
"240","En mi opini√≥n considero que vino con una est√©tica de 8/10 adquirido en condicion excelente. Tanto las camaras, bordes y parte trasera ven√≠an muy bien al punto de verse casi nuevo, pero al cambiar la mica por una de privacidad me di cuenta que la pantalla si estaba un poco rayada y no se veia por el protector que traia puesto y de no haber sido por eso creo que la estetica habria sido de un 10/10. La bateria como dicen en la descripcion vienen con un porcentaje de vida de mas de 80%, lo cual en mi caso vino con un porcentaje mayor al mencionado. En conclusion me gusto el telefono"
"241","Pude comprar este tel√©fono en un super precio, mas bajo que lo que est√° normalmente, eso si, en condici√≥n aceptable y tenia duda si llegar√≠a bien, y si, me lleg√≥ en perfectas condiciones, est√©tica de 10, 84% de condici√≥n, nada que reprocharle por el precio al que lo pude adquirir, que fue con un 35% de descuento pr√°cticamente a lo que sale normalmente, 10/10"
"242","Llego en excelente estado 10/10 y como nuevo con su cargador y cable"
"243","Llevo 10 meses con el tel√©fono y sigue como nuevo. No he tenido ning√∫n problema y si bien me lleg√≥ con un 83% de bater√≠a, por el momento tengo 80%.
Lo recomiendo bastante."
"244","Muy buena compra, el quipo lleg√≥ muy bien empaquetado y asegurado, con accesorios y mica protectora‚Ä¶"
"245","Lleg√≥ da√±ado del flash no serv√≠a"
"246","El tel√©fono lleg√≥ en perfecto estado y muy bien empacado. Con una est√©tica de 10, la bater√≠a est√° al 86% y pude usar sin problema mi chip Telcel.
Hasta el momento funciona sin problema alguno."
"247","llego mas rapido de lo esperadno y muy bien empaquetado y listo para utilizar, ,muchas gracias"
"248","Est√° s√∫per lindo y funcional, la pila le lleg√≥ con 87% y trae un peque√±o ray√≥n en la parte de atr√°s pero no se nota (de hecho yo no la hab√≠a notado hasta que mi hermana me dijo)"
"249","Es un excelente producto"
"250","El estado f√≠sico del tel√©fono lleg√≥ excelente, incluso ven√≠a con mica en la pantalla , algunos ara√±asos en los marco de la c√°maras pero no afecta su funci√≥n y me llego la bater√≠a en 86%, se escucha muy bien y la pantalla se ve muy bien."
"251","Justo lo que esperaba, me lleg√≥ con 86 de bater√≠a que supongo est√° bien para el tel√©fono que es y de est√©tica le doy 9.7, funciona correctamente"
"252","Antes de comprar este celular hab√≠a comprado otro pero con vendedor y lleg√≥ con varias fallas y bloqueado del sim. Despu√©s me contacte con este vendedor para asegurarme que ven√≠a desbloqueado y as√≠ fue!

La atenci√≥n fue r√°pida y fue muy amable, lleg√≥ en buenas condiciones y con 89% de pila, solo un poco rallado en los bordes de la c√°mara pero apenas se nota si le ponen atenci√≥n ya viene con mica protectora y su cable, ven√≠a bien empacado."
"253","Todo bien, funciona perfecto pero la bater√≠a estaba al 88%, a pesar de eso la bater√≠a le dura todo el d√≠a sin problema con uso normal alto"
"254","Desde que lo compr√© hasta hoy sigue funcionando perfectamente.
Excelente producto.
Estoy contenta con mi producto"
"255","El iPhone llego muy bien, 93% de bater√≠a, con unos detalles en las esquinas, se nota un poco raspado pero de todo lo dem√°s est√° s√∫per bien, recomendado"
"256","Funciona al 100 y trae buena est√©tica, solo la bater√≠a llego al 83% de ah√≠ en fuera todo bien"
"257","Puede ser suerte que te toquen algunos m√°s cuidados que otros, sin embargo yo esperaba un poco m√°s de control de calidad, tiene detalles est√©ticos en otras partes pero lo que m√°s notorio que tiene son los m√∫ltiples rayones en la pantalla y esquinas"
"258","Tengo que admitir que ten√≠a muchas dudas de comprar art√≠culos reacondicionados, aunque v√≠ que no todos han tenido una buena experiencia me arriesgue a comprar, el producto llego antes de lo esperado, lleg√≥ en una caja bien empaquetado, cuando lo saqu√© a simple vista Lucia como nuevo tiene un lijero ray√≥n en la pantalla nada mas cosa que no se nota y de bater√≠a lleg√≥ con un 90% de vida √∫til."
"259","Ten√≠a la est√©tica al 100 pero en bater√≠a estaba al 86 no se me hace necesariamente malo. Pero podr√≠a ser mejor claro."
"260","Llego muy bien e impecable algunos detalles casi invisibles no se notan y llego con el 95% de bater√≠a, ahora a probarlo"
"261","Todo correcto sin embargo no permite configurar Face ID. Bater√≠a 87%"
"262","venia bien pero carguen con cargador original use uno pirata y se sobrecalento"
"263","La verdad yo no ten√≠a expectativas sobre el tel√©fono porque es reacondicionado, pero la verdad me sorprendi√≥ que el tel√©fono llegara casi perfecto en todos los aspectos, con unos muy pero que muy leves raspones y la bater√≠a ni se diga lleg√≥ con el 100% y absolutamente todo por ahora funciona al muy bien.
En conclusi√≥n si lo recomiendo, la cosa es que a como te puede llegar algo bueno como algo no tanto, esto es como una ruleta, pero la verdad vale la pena arriesgarse."
"264","Excelente producto, perfectas condiciones , est√©tica 10/10 , lo √∫nico malo es que le repararon las c√°maras pero jalan al 100, bater√≠a al 86% de vida, por el precio, buena compra"
"265","Me enviaron la factura y todo llego bien. Gracias"
"266","ME A SALIDO MUY BUENO, NO TENGO QUEJA ALGUNA"
"267","Realmente, al principio todo estaba bien, pero despu√©s de 1 mes y medio se apag√≥ y ya no quiso prender. La primera vez que pas√≥, no quer√≠a agarrar el cargador, tuve que comprar uno nuevo y tampoco agarr√≥ ese. Lo puse en el cargador magn√©tico y tampoco quiso. Despu√©s de 2 horas prendi√≥ (esto pas√≥ cuando ten√≠a el 50% de bater√≠a) como si nada hubiera pasado. Pero luego se volvi√≥ a apagar mientras lo usaba, ten√≠a el 90% de bater√≠a y ya no prendi√≥ m√°s. Lo dej√© 3 d√≠as sin usar para ver si volv√≠a a prender, pero hasta ahora no ha encendido. Realmente estoy decepcionada por el poco tiempo de uso que se le dio y por haberlo comprado reacondicionado. La verdad estoy muy triste. He intentado contactar al vendedor, pero no me ha contestado."
"268","RECIBIDO CON EXITO Y CONDICIONES SUPER BUENAS, ESPEREMOS NO SE TENGA EN SU FUNCIONAMIENTO ALGUN PROBLEMA."
"269","Me gust√≥"
"270","Cero detalles est√©ticos, lo √∫nico malo fue la bater√≠a del 88%. Lo recomiendo mucho"
"271","El tel√©fono esta impecable, venia con un cargador y cable, super bien empacado aunque sin caja original, pero se entiende, la bateria al 84% pero no he tenido problemas. Muy recomendando por el precio"
"272","Todo bien‚Ä¶"
"273","Me lleg√≥ a tiempo pero la pantalla rayada y golpeado de las esquinas seg√∫n no se ve a cierta distancia pero los da√±os si son muy notables y la c√°mara para el faceid no funciona el precio est√° bien pero si trae muchos detalles"
"274","Realmente qued√© impactado con el celular es seminuevo, es incre√≠ble el celular ning√∫n detalle, ning√∫n ray√≥n con una bater√≠a del 95%, incre√≠ble sinceramente, pero apenas estoy revisando les mantendr√© informados si alg√∫n detalle se presenta‚Ä¶ por el momento lo recomiendo mucho"
"275","Ven√≠a muy bien envuelto, est√©ticamente se ve bastante bien, ligeros rayones en lo cromado la pantalla perfecta, la cuesti√≥n de la bater√≠a si es de suerte la verdad a m√≠ me toc√≥ en 84% es aceptable creo yo... De todo lo dem√°s estoy muy contenta con mi compra."
"276","Lo compre despu√©s de ver reviews, como nuevo, y a mitad de lo que cuesta nuevo, excelente compra"
"277","Muy bonito!! Sin detalles, tra√≠a mica no de muy buena calidad pero se agradece que trajera mica porque as√≠ viene seguro el producto, con pila al 87% est√©tica 100 y funciona s√∫per bien, no trae caja original pero si cable de alta potencia. Me encant√≥."
"278","Cambi√© de un iPhone 11 a este y se siente mucho la diferencia, el iPhone trae el 88% de bater√≠a sin problema me dura todo el dia y muy pocas veces he tenido que usar el ahorrar bater√≠a, las fotos y videos que toma son de la mejor calidad, en fin qued√© muy contento con mi compra."
"279","Excelente servicio ning√∫n detalle e inconveniente, buen estado sin detalles!
Excelente compra ‚ù§Ô∏è"
"280","Excelente, llego en tiempo solicitado y en buen estado, parece nuevo, solo la pila si sali√≥ con el 88 % pero de ah√≠ en m√°s todo s√∫per bien"
"281","Esta en muy buen estado solo lleg√≥ con unos peque√±os rayones pero no de notan y tampoco afectan el rendimiento del dispositivo, la condici√≥n de la bater√≠a lleg√≥ al 91% considero que es una buena condici√≥n, en general si cumple con mis expectativas y con lo que dice."
"282","Llego s√∫per r√°pido y optimistas condiciones tal como lo esperaba servicio excelente"
"283","El iPhone que recib√≠ no tiene ni un rasgu√±o, est√° en perfecta condici√≥n 96% de vida de bater√≠a y es original! Muchas gracias. Una gran opci√≥n"
"284","Me gust√≥ pero la bater√≠a est√° en 87 y tiene un ray√≥n una c√°mara y si se ve mucho"
"285","Ya varios meses de uso y no he tenido ningun problema, todo perfecto"
"286","Vino al 90% la pila sin detalles de nada, resistente al agua. S√öPER."
"287","La est√©tica 10/10. La bater√≠a 10/8 me lleg√≥ con 87% el fuconamiento es excelente pero lo √∫nico que no me gust√≥ es que cuando pongo el zoom de 3X a 8 aparece una bolita negra"
"288","Excelente equipo con un muy ligero detalle casi imperceptible en el cuadro de la c√°mara, la bater√≠a al 90% y adem√°s a un excelente precio"
"289","Lo compr√© el 20 de junio y en menos de 4 meses se descompuso de la nada. Lo he cuidado muy bien, inclusive compr√© cargador original, no lo uso cuando est√° cargando, no se me cay√≥ ni unas vez y as√≠ en funcionamiento se apag√≥, ya no prendi√≥.
Ten√≠a expectativas muy altas. Pero en mi opini√≥n es mejor comprar uno nuevo. Tengo el 11 y le he dado batalla y sigue conmigo."
"290","Muy buena compra en excelente estado bater√≠a al 99 sin fallas"
"291","Me encant√≥, por el precio es mucho m√°s de lo que esperaba, me lleg√≥ con 93% de bater√≠a ya a√∫n as√≠ le dura todo el d√≠a y m√°s, en cuesti√≥n de est√©tica le doy un 9 pero por lo que me cost√≥ vali√≥ mucho la pena
Recomendado!"
"292","Bateria al 92%, sin ningun detalle fisico, camaras funcionando al 100%
excelente compra."
"293","Excelente, llego en buen estado. La bater√≠a al 95%"
"294","La bocina despu√©s de dos semana que lo compr√© empez√≥ a fallar, Estetica 10/10. En tiempo llego en una semana
Bater√≠a llego con un 89
Un poco desepcionada"
"295","Al principio ten√≠a mis dudas pero la verdad estoy muy satisfecho, el tel√©fono lleg√≥ sin ning√∫n rasgu√±o la bater√≠a al 96% de vida, y todo funcionando perfectamente, s√∫per recomendado."
"296","El paquete me llego en Perfectas condiciones, el tel√©fono est√° pr√°cticamente sin detalles est√©ticos, bateria al 90 %, muy bien por el precio"
"297","Excelente equipo, nuevo totalmente
Ampliamente recomendado 100%"
"298","Sin ning√∫n detalle est√©tico, solo con el porcentaje de la bater√≠a al 88% que igual es buena duraci√≥n."
"299","Play Video
Me encant√≥ lleg√≥ en perfectas condiciones, con capacidad de bater√≠a al 100% sin rayones sin detalles
Me fue muy bien la verdad ‚ù§Ô∏è"
"300","Tuve suerte con la pila al 99% solo tiene un peque√±o ray√≥n en la pantalla pero no se le ve con la mica pero est√° casi nuevo, a pesar de que el cable y el cubo no es original"
"301","Al grabar videos tiene un sonido permanente como de interferencia, es horrible, no lo recomiendo para nada, lo reacondicionado es lo peor."
"302","Excelente las condiciones del equipo, precio calidad, est√©tica de 10, cero rayones, bater√≠a un 87 %. Ahora a utilizarlo."
"303","El tel√©fono me lleg√≥ con Estetica del 100% ni un solo detalle, con bater√≠a al 90%
Hasta ahorita llevo una semana de uso y no ha presentado ninguna falla. Lo √∫nico que si esta s√∫per chafa es el cargador, carga muy lento, es conveniente comprar el original."
"304","El producto lleg√≥ despues de la fecha de entrega y en un domicilio incorrecto."
"305","El producto llego en las condiciones prometidas funcionando bien y con una bater√≠a con capacidad del 89%"
"306","El celular los primeros meses funciono correctamente , el problema estuvo en el tercer mes , que dejo de funcionar la pantalla del equipo , estoy intentando hacer valida la garantia de 90 dias de amazon renewed, mas solo me estan dando largas , y ya esta pronto a expirar la garantia"
"307","El estado de conservaci√≥n del tel√©fono sobrepas√≥ mis expectativas‚Ä¶ todo muy bien!"
"308","Traia 100% de bateria sin ningun tipo de da√±o estetico 10/10"
"309","Tengo menos de dos semanas con el tel√©fono y ya no sirve la pantalla. No enciende. Adem√°s de el tel√©fono lleg√≥ con muchos raspones en el Marco., Ya he comprado productos renovados, pero hasta ahora no hab√≠a tenido ning√∫n problema, pero este √∫ltimo terrible, no lo recomiendo, lo voy a devolver"
"310","No ven√≠a desbloqueado para cualquier compa√±√≠a y todav√≠a ven√≠a con adeudo de la telefon√≠a"
"311","Lleg√≥ en muy buen estado, la bater√≠a est√° al 87%. Sin detalles. Funcional al üíØ"
"312","El tel√©fono lleg√≥ impecable, sin ning√∫n ray√≥n, est√©tica de 10 y la bater√≠a m√°s que Excelente al 99% s√∫per conforme con mi compra"
"313","El tel√©fono me lleg√≥ en las mejores condiciones, estaba muy bien empaquetado y lleg√≥ antes del tiempo estimado. El celular facilmente se podr√≠a hacer pasar por nuevo. Viene con el 94% de pila, todo est√° excelente."
"314","El producto me lleg√≥ intacto como nuevo con 90 de pila, la verdad lo recomiendo mucho aparte es liberado muy buena compra"
"315","Lo ped√≠ en condici√≥n excelente, pero al momento de verlo en la mano se ve f√°cilmente los rayones y raspones, viene con un cable y cargador gen√©rico pero nunca pens√© que fuera de 5W y puerto USB en vez de Tipo C"
"316","Es pr√°cticamente nuevo"
"317","Lo recib√≠ hace 3 d√≠as y lo he estado usando sin ning√∫n problema, llego con est√©tica de 9.5 y bater√≠a del 85%"
"318","El iPhone llego sin ray√≥n alguno, la salud de la bateria al 100%, lo recomiendo ampliamente"
"319","El tel√©fono lleg√≥ bien est√©tica 9 c√°maras Face ID todo bien el problema es que se calienta muy ca√±√≥n solo lo abro para responder un mensaje y se s√∫per calienta lo voy a devolver por qu√© no me gusta, est√° bien que sea reacomdicilnado pero no se pasen de vrg"
"320","Execelentes condiciones"
"321","Llego en buen estado, con pila de 91%, lo volver√≠a a comprar"
"322","Llega como nuevo, sin rayones y sin golpes. Lo √∫nico malo es el nivel de bater√≠a. El m√≠o lleg√≥ con 85%
Si lo recomiendo"
"323","Apenas tengo 5 d√≠as con el equipo us√°ndolo y presenta una falla en el modulo de camaras. No funcionan correctamente, ya que se congela la imagen y no me permite tomar fotos ni grabar."
"324","Ten√≠a dudas cuando recib√≠ el equipo, hasta ten√≠a una opini√≥n err√≥nea, sin embargo al revisar el equipo a detalle, pude ver que est√° en perfectas condiciones. Vale la pena."
"325","Llego en tiempo, en buen estado. ME siento contento y aliviado :)"
"326","Bater√≠a al 100% sin da√±os cosm√©ticos literalmente est√° nuevo, lo recomiendo mucho llego antes de la fecha acordada."
"327","El equipo llega en condiciones excelentes y con 87% de bater√≠a."
"328","Pila al 93!!! Est√©tica de 10 ! Lo recomiendo totalmente ! Gracias !"
"329","Tengo temor de este texto q me apareci√≥ al notificarme una actualizaci√≥n, alguien me puede ayudar? Todo bien con el funcionamiento del equipo solo eso me dejo en duda"
"330","Bater√≠a 100%
Est√©tica de 9.9/10
Llego como nuevo"
"331","La pantalla esta muy rallada"
"332","Excelentes condiciones como nuevo"
"333","El volumen en general falla, ya que es bajo, y en algunas aplicaciones, a pesar de estar activado al m'aximo, simplemente no funciona, no se escucha, o se desactiva."
"334","Me llego en excelentes condiciones sin ning√∫n rasgu√±o y la bater√≠a al 100% excelente servicio"
"335","Se ve a donde le habrieron para trabajar, la pantalla se ve que se esta despegando un poco, en realidad no vale la pena. Es mejor conprar uno de Facebook y solo asegurarte que este bien."
"336","Llego en excelente estado sin detalle alguno"
"337","Es Mucho mejor de lo que esperaba ya que por ser reacondicionado me imaginaba que iba a tener detalles visuales pero no le encuentro nada y adem√°s la pila Todav√≠a tiene el 100% De vida Lo mejor Lo Recomiendo ü´°"
"338","Compr√© el equipo reacondicionado, con la opci√≥n de acondicionado premium, y me lleg√≥ como nuevo, s√≥lo con detalles es muy m√≠nimos y est√©ticos, casi imperceptibles, excelente compra"
"339","No s√© si sea el modelo o el tel√©fono, pero la pantalla se ve algo extra√±a, he tenido otros iPhones y no se ve as√≠, esta pantalla se ve rara, con brillo muy bajo se ve de muy mala calidad"
"340","A√∫n siendo un equipo ‚Äúreacondicionado‚Äù el precio es demasiado alto para el valor que tiene este modelo en el mercado hoy en d√≠a y aparte est√°n muy da√±ados! Claramente se ve que a mi equipo le hicieron un cambio de pantalla porque tiene l√≠neas de colores feas y le da mala calidad a la pantalla, no se porque venden equipos muy malos üò£"
"341","En amazon dec√≠a ‚Äúreacondicionado excelente‚Äù pero tiene raspados los contirnos y la bater√≠a est√° al 89%"
"342","Me lleg√≥ en excelente condiciones sin ning√∫n problema bater√≠a excelente lo recomiendo"
"343","Me llego con el 100% de bateria, lo inspeccione de pies a cabeza con aplicaciones y todo, no parece que lo hayan abierto, a lo que veo en valoraciones es dependiendo de cada dispositivo, a mi me encanto, tengo con el ya 1 mes de uso :D"
"344","Muy buen producto"
"345","Me agrad√≥ mucho el producto llego en buenas condiciones el vendedor muy bueno y lleg√≥ a tiempo"
"346","Est√©ticamente me lleg√≥ muy bien, como otros comentarios es importante resaltar que son eSim los dispositivos, el √∫nico detalle con el que yo recib√≠ fue la bater√≠a que lleg√≥ al 87%, de ah√≠ en adelante no presenta detalle alguno"
"347","Hola, m√°s que una opini√≥n, es una pregunta, como activo la tarjeta Sim, no trae manera de meterla, esto me est√° generando un problema"
"348","Recomiendo que tengan paciencia, el celular llego despu√©s porque el d√≠a de mi entrega me entregaron una bater√≠a en lugar del celular, la gente de amazon se hizo cargo del imprevisto, por lo cual lo tuve que volver a comprar y el precio subi√≥ un poco.
Ayer recib√≠ el celular y considero fue buena compra, el estado de la bater√≠a es del 95% en cuanto a la est√©tica le doy un 8.5, compre reacondicionado aceptable as√≠ que esperaba lo que llego, una funda y todo listo."
"349","Play Video
el cel venia en excelentes condiciones bateria al 100% estetica de 20/10 como nuevo. mi detalle fue que la pantalla parece ser generica. tiene unas lineas en la pantalla, se ve de pesima calidad, y se ve como porosa. pero ojo fue mi experiencia. animense yo recomiendo buyspry en calidad exelente mucho ojo con el vendedor y en que calidad lo compran. ya estoy en proceso de devolucion. si tienen duda, contesto"
"350","A mi en lo personal me gust√≥ mucho, se ve casi nuevo, ya prob√© las c√°maras y el rendimiento, tiene ligeros raspones en las orillas pero nada que una carcasa no oculte, de todo lo dem√°s est√° intacto.
Lo recomiendo"
"351","Funciona a la perfecci√≥n lo recomiendo mucho, es perfecto me encant√≥"
"352","Lo recomiendo ampliamente"
"353","Le cambiaron la pantalla, no se ve plana se ve plana, se ve ondulada, le ponen mica para que no se note pero al quitarla se puede percatar. Muy rayado del contorno:("
"354","La verdad ten√≠a mis dudas en si iba a llegar en √≥ptimas condiciones por el precio que pagu√©, ten√≠a miedo por leer otras rese√±as donde hab√≠an pagado el excelente y les hab√≠a llegado la pantalla quebrada, tiene unos peque√±os detalles pero la bater√≠a al 98%. Estoy muy contento, por favor considerar que es esim, no trae ranura para el chip normal."
"355","Excelente producto para ser reacondicionado,
Ya he comprado varios productos reacondicionados pero este ha sido el mejor de todos, me refiero a la condici√≥n de la bater√≠a, esta de 96%"
"356","Yo lo compre como renovado - excelente.

El celular lleg√≥ pr√°cticamente nuevo, sin ning√∫n detalle visible y con bater√≠a al 100%. Me encanto la compra. Vali√≥ por completo la pena, un celular en perfectas condiciones a un precio mucho menor que uno nuevo. Recomiendo comprar renovado.

En cuanto al env√≠o, me preocupaba por la cantidad de dinero que representa. Tuve la mala suerte de que en un primer env√≠o me lleg√≥ otro producto. Lo bueno es que amazon respondi√≥ y despu√©s de algunos d√≠as me regres√≥ mi dinero. Ahora tengo m√°s confianza en mis pedidos por medio de amazon."
"357","Me lleg√≥ en excelente estado y funcionalidad. Parece nuevo. S√≠ lo recomiendo al 100"
"358","el equipo lleg√≥ con una condici√≥n del 95, est√©tica 9/10 ya que solo trae unos peque√±os rayones en los marcos pero nada perceptibles, vengo de un iphone 11 y la verdad se siente mucho el cambio"
"359","Solo tiene unos detallistas est√©ticos que apenas y se notan pero fuera de eso parece nuevo"
"360","Se recibi√≥ en un tiempo muy r√°pido el tel√©fono, dos d√≠as antes de la fecha estimada, sin embargo me parece grosero que se pretenda vender un art√≠culo en estado deteriorado al precio de 15 mil pesos mexicanos, alrededor de 800 dolares al d√≠a de hoy. Las 3 lentes de las c√°maras traseras est√°n visiblemente da√±adas. Voy a solicitar la devoluci√≥n del art√≠culo que era un regalo."
"361","el tel√©fono viene en perfectas condiciones con una bater√≠a en estado del 91% pero solo soporta e-sim que al venir de otro iphone no genera casi ning√∫n problema en transferir el n√∫mero de f√≠sico a digital"
"362","El tel√©fono llego con est√©tica 10/10 no tiene ni un solo rasgu√±o y viene con una mica de cristal. La bater√≠a tiene 100% de vida. El tel√©fono literal est√° como nuevo"
"363","No tiene espacio para tarjeta SIM
No es compatible con todas las telefon√≠as"
"364","Excelente opci√≥n por el costo. Lo recib√≠ con 100% de pila pero con unos peque√±os rayones. Estoy satisfecho con mi compra."
"365","me quedo inconforme por lo que pague, lo compr√© en estado ‚Äúexcelente‚Äù y me lleg√≥ con 88 de bater√≠a y con algunos raspones en los bordes‚Ä¶"
"366","El equipo lleg√≥ con bater√≠a al 100% est√° como nuevo 0 rayones 0 maltratos. Todo magn√≠fico recuerden es exclusivo Esim."
"367","Hola la c√°mara frontal no enfoca nada todo lo dem√°s si funciona pero la c√°mara frontal no sirve necesito ayuda por favor"
"368","Tiene por los bordes unos da√±os esteticos pero el telefono funciona bien"
"369","El equipo era en condiciones aceptable, lei rese√±as sobre algunos que les lleg√≥ en mejores condiciones siendo este aceptable, este en mi caso muy da√±ado de los Marcos 88% de condicion de bater√≠a, estoy us√°ndolo y decid√≠r si lo regreso"
"370","Excelentes condiciones."
"371","No me gusto que la bater√≠a estaba al 75% de vida y la pantalla ten√≠a varios pixeles fundidos"
"372","Llego en buen estado con bater√≠a %100 solo con leves rayaduras en los Marcos laterales, solo estoy en duda respecto a este peque√±o detalle con el que lleg√≥ no s√© si sea la pantalla o alg√∫n tipo de cristal protector con el que lleg√≥"
"373","Algunas partes de la pantalla no funcionan, se reviso en apple y se procedi√≥ a hacer devoluci√≥n"
"374","Raspones muy tenues, y pila al 97, recomendado"
"375","Cumple con las especificaciones y las caracter√≠sticas mencionadas en la descripci√≥n del producto, se hace la menci√≥n que si es esim"
"376","P√©sima calidad , el producto viene da√±ado de la pantalla no duro ni un mes"
"377","Ven√≠a muy maltratado y el cargador no era el del iPhone"
"378","La bater√≠a est√° en un 80% siendo que es un iPhone 14Pro Max de lo demas a primera vista est√° bien .. lo tuve que devolver porque no me convenci√≥. Y despu√©s de 15 d√≠as no he recibido mi reembolso üòí"
"379","Literalmente el equipo ven√≠a con est√©tica de 100/100. Estado de bater√≠a 100%. Definitivamente volver√≠a a comprar uno de este tipo, no parece usado."
"380","Muy buen producto, cumple con lo que promete lo √∫nico decepcionante un poco fue el cable que ven√≠a con el equipo"
"381","Como nuevo. est√©tica 10/10 y la pila 100% de condici√≥n. En caja original, con cable nuevo original. Unicamente que viene abierto y parece usado."
"382","No lo recomiendo ya que a pesar de funcionar, el micr√≥fono principal no le sirve, llego con muchos rayones y por el precio que pague me parece una calidad mediocre, no lo pude devolver as√≠ que ahora gastare en reparar el micr√≥fono a pesar del precio que pague."
"383","Nunca pude usar el celular no prendio"
"384","Llego s√∫per maltratado. Muy golpeado de todo el contorno ‚Ä¶ compr√© reacondicionado excelente sin golpes visibles a una distancia de 30cm y todo lo contrario s√∫per da√±ado y golpeado el equipo"
"385","El producto presenta varios golpes en su exterior, as√≠ como c√°maras raspadas. Lo m√°s preocupante es que la tapa trasera tiene rastros de pegamento mal aplicado, lo que sugiere cambios en la bater√≠a u otros componentes. Por estos motivos, he decidido proceder con la devoluci√≥n del producto."
"386","Play Video
El equipo viene en p√©simas condiciones, Marcos y pantalla rayada, adicional el m√≥vil no cuenta con ranura SIM y no lo especifican en la descripci√≥n al momento de la compra!!
No recomiendo comprarlo"
"387","El IPhone no tiene para meter el chip"
"388","Excelente, equipo con est√©tica 10/10, bater√≠a al 94% y jalando muy bien. Hasta trajo mica de cristal ya instalada. Recomendado."
"389","Llego en buenas condiciones, producto original y llego antes de lo esperado."
"390","Me lleg√≥ muy r√°pido, el color es hermoso, lo quer√≠a en azul pero el verde era el que estaba en oferta, pero al verlo es f√≠sico es hermosooo.
A comparaci√≥n de otro comentario, a m√≠ si me lleg√≥ con protecci√≥n para que no estuviera rebotando en la caja.
Compren con confianza"
"391","No trae ni bolsas de aire ni papel, absolutamente nada y el celular viene rebotando por toda la caja de Amazon"
"392","Se siente muy c√≥modo, lleg√≥ un d√≠a despu√©s pero todo bien"
"393","Tengo a√±os comprando los cases y las micas de vidrio de esta marca y jam√°s he tenido ning√∫n problema.

Me encant√≥ que ahora trae una gu√≠a que hace que la instalaci√≥n sea m√°s f√°cil de lo que era antes, la mica me qued√≥ sin burbujas y qued√≥ perfectamente al tama√±o de la pantalla.

Otro detalle que me gusta es que no solamente viene 1 si no 2 cristales protectores y de verdad duran much√≠simo. Yo soy una persona que cuida mucho su tel√©fono aunque lo traiga con funda y cristal y de verdad es raro que tenga que cambiarlo.

Tuve el iPhone 12 por aproximadamente 4 a√±os usando los cristales de esta marca y solo necesite 3 de estos cristales durante todo este periodo, me qued√≥ sobrando uno y ya me actualic√© al iPhone 16. La verdad yo sigo muy contenta de usar esta marca y la seguir√© usando cada que cambie de tel√©fono, es de confianza 100%"
"394","Gran mica, tiene buena resistencia a los ara√±azos y es f√°cil de poner"
"395","Material de muy buena calidad, muy f√°cil de poner. Lo recomiendo 100%"
"396","Todo lo que tiene es muy √∫til y funcional, f√°cil de poner y se siente de buena calidad, solo que al primer d√≠a de haber puesto la mica le sali√≥ una fisura muy peque√±a, casi imperceptible, pero raro pues no le ocurri√≥ nada como para que eso pasara. el resto correcto"
"397","F√°cil de instalar y quedan muy bien"
"398","muy pr√°ctico ponerlo! Ya te ayudan m√°s para que quede perfecta la mica!"
"399","Es la 4ta vez que compro esta mica para mis celulares y siempre los ha protegido de maravilla. Seguir√© utiliz√°ndola"
"400","Queda perfecto si burbujas, muy sencillo de instalar"
"401","Typically, I struggle with putting these covers on without air bubbles. The simple directions and applicators make it easy and foolproof. No bubbles and I‚Äôm very pleased with the quality."
"402","I've been using this brand of screen protectors for years now on my iPhones, iPads & even android devices & they haven't let me down yet as they protected my devices from many instances of near to full drop, scrapes & even being closed in a trunk that damaged the screen protector but not the phone screens, which is great bc screens aren't cheap but these protectors are easily affordable to replace but super effective at doing there job, so here's to hoping they continues to be effective savors going forward.

As for what's included I'm happy to have gotten the easy to install aligner to get the protector on super easy, but beyond the included sticky tape to glop up any debris & bubble remover card that deals with any big bubbles you might have, but the included microfiber cloth & wipes suck bad & id honestly say to avoid them at all cost & just use a clean soft shirt or clean old rag with some alcohol that doesn't streak or leave dust/fibers on what your cleaning to get your device ready for the protector, bubbles don't seem to be an issue with these case's as long as you get it really clean but even if you mess up you have a second protector included to try again or replace the current one with if anything happens."
"403","Great product. Very sturdy and really clear. I recommend"
"404","ŸÖŸÖÿ™ÿßÿ≤ Ÿàÿ≥ŸáŸÑ ÿ®ÿßŸÑÿ™ÿ±ŸÉŸäÿ® ŸàÿßŸÑÿ¨ŸàÿØŸá ÿπÿßŸÑŸäÿ©"
"405","Confezione molto professionale con due vetri e i rispettivi kit di applicazione con tanto di guida: √® facilissimo applicarlo e la resa √® perfetta! Consigliato"
"406","Llego seminuevo, bater√≠a al 100%, no trae charola para chip, es esim, sin detalles est√©ticos, liberado, original, Amazon EU."
"407","This phone is like brand new it has no scratches no scuffs not damage at all and it even has 100% battery health. I truly recommend getting one of these. But be careful and make sure it is sold and shipped from Amazon because I first bought a 14 pro from a random seller and it ended up not working. But now I have this 15 pro and it is perfect thank you for your really nice product."
"408","Upon receiving my iPhone, I was immediately captivated by its exceptional quality. The device is in pristine condition, with no visible signs of wear and tear. Although the battery life is at 96%, this is acceptable. The phone‚Äôs surface is remarkably clean, devoid of any scratches or imperfections. Overall, it is an ideal device."
"409","Compre iPhone 15 pro premium vendido y enviado por amazon.
Llego intacto. Todo original, 100% de bateria con solo 24 ciclos de carga.
Realmente vale la pena. PERO asegurense de que sea VENDIDO Y ENVIADO POR AMAZON."
"410","The phone was in good shape except for some scratches running up and down the right side of the titanium frame-consistent with damage caused by a screen replacement when the prying tool detaches screen from phone. That‚Äôs disappointing. I‚Äôd like to know whether the screen had been replaced anyway-because often the replacement isn‚Äôt as good as the original. Buyer beware!"
"411","this phone description says it has dual sim , but it doesn't even have a single one, i was so upset when i tried to find a sim slot and there isn't any, what an inconvenience and waste of time , i just lost my trust on ship and sold by amazon.
news update 12,25,2024. with all this wrong info about this item in its description i was told to return this item and ones amazon will receive it then give them a call and we will give some compensation credits to you for this inconvenience, today amazon received the phone and i called them as they told me to do, they straight forward refuse to stand on there words refuse to honor what they said earlier."
