id,comentario_limpio
127,si gustar proteger bien   solo instalar √©l no quedar famoso burbuja lata bien caer solo estrello no pantalla
4,est√©tica casi perfecto buena c√°mara zoom no ranura sim esim intentar registrar no permitir solicitar devoluci√≥n
86,quedar perfecto iphone f√°cil instalar
45,mica super transparente adaptar bien pantalla iphone touch funcionar maravilla adema ayudar herramienta colocar √©l superficie evitar grumo aire
5,verdad excelente producto mejor esperar pila llegar est√©ticamente solo ligero ray√≥n notar
128,trae aditamento para colocar
87,gustar ver proteger bien celular
46,comprar protector par vez varios telefono funcionar bien instalar facil proteger bien dispositivo
6,buen producto pesar ser re acondicionar no venir ninguno golpe ray√≥n tanto desgastado pila vida duda recomeir precio
129,buen calidad encajar bien pantalla
88,gustar f√°cil poner
47,excelente cristal templado esposa encantar
7,llegar d√≠a esperado evidente cargador gen√©rico sorprender venir capacidad bater√≠a garant√≠a f√°brica aun valido ninguno detalle est√©tico si totalmente nuevo
130,igual vender apple excelente precio colocaci√≥n super f√°cil
89,aparato ayudar alinear mica quedar bien batallar mica quedar ip13
48,l√≠nea protector salir buen ventaja venir seg√∫n paquete compr regres√© cometer equivocaci√≥n comprar iphonir necesitar iphonir preguntar si quedar pantalla mismo tama√±o vendedor contestar pronto decir diferente cambiar cambio f√°cil r√°pido
131,buen calidad l cristal templado resistente proteger pantalla iphone quedar bien medida adema herramienta instalacion hacer preciso poder colocar mica duda buen compra protger telefono
8,base explicado parte amazon renewed b√°sicamente tel√©fono venir super bien funcionar perfectamente solo peque√±o rasgu√±o costado pantalla aun costado bot√≥n bloqueo √∫nico no gustar llegar bater√≠a pesar especificaci√≥n deber ser m√≠nimo seg√∫n categor√≠a dar recomendable
49,f√°cil colocar funda siquiera notar
90,resistencia cristal grosor tama√±o excelente proteger pantalla iphonir pro kit kit general bueno completo calidad precio marco gu√≠a poner no dar seguridad poner √©l bien pico gu√≠a no marco completo chiste poner √©l si p√≥n arriba hacia parte abajo quedar chueco no espantar √©l si notar si querer buen instalaci√≥n hacer √©l lado dar contar hacer varios intento cristal desperdiciar envir quitar instalaci√≥n kit bueno buen calidad dar estrella recomendable
132,buen material casi no ensuciar huella no mantener tanto f√°cil suciedad mica f√°cil instalar
9,excelente calidad detalle externo env√≠o r√°pido
50,utilizar marca marca decente espectacular buen
91,buen√≠simo buen calidad mejor precio verdad mejor compra hacer recomeir
133,si busca mico iphonir marca mejor
10,llego bien cable gen√©rico bien general equipo buen ray√≥n √∫nicamente rasp√≥n parte superior izquierdo no ver mica ver entregar cargador caso solo cable
51,quedar bien iphone
92,bien venir necesario instalar √©l bueno qued√© satisfecho
11,bater√≠a llegar solo ver peque√±o detalle pantalla casi notar resto genial
134,llevar mes primero s√∫per resistente
52,llegar perfecto f√°cil instalar traer molde
93,no perder calidad imagen buen precio quedar excelente gracia marco adem√°s bien tacto
135,venir tres pieza aplicaci√≥n s√∫per f√°cil buen precio buen producto
12,play video tel√©fono bonito varios detalle est√©tico mica agregar protecci√≥n cubrir ray√≥n m√∫ltiple rasp√≥n alrededor tel√©fono completamente funcional no generar conflicto c√°mara funcionar incre√≠ble buen producto poder referir √©l mejor descripci√≥n
53,buena mica
94,comprar telefono peotegir pantalla bien
136,bueno
13,rir acondicionadoexcelente varios detalle esquina pantalla rayado auto brillo no funcionar consiente re acondicionar no excelente
54,gusto calidad practicidad poner √©l
95,excelente calidad incluir necesario hacer aplicaci√≥n mismo manera sencillo
14,equipo comprar calidad bueno llegar equipo calificar pantalla parte trasero equipo excelente solo peque√±o leve rasp√≥n esquina superior derecho muestro foto duda excelente compra recomeir ampliamente
137,mal√≠simo calidad no saber tanto buena reviews
55,buen calidad siempre compro marca
96,rapidez env√≠o entrega
15,llegar buen bater√≠a peque√±o golpe pantalla afectar funcionamiento
138,excelente producto venir necesario colocar √©l mejor marco hacer imposible poner √©l chueco
56,r√°pido f√°cil poner
97,aplicaci√≥n f√°cil
16,good luck previously amazon renew item never highticket item renew iphone far exceed expectation device look absolutely new io show battery cycle display perfect appearance operation no scratch   mark case display camera lense everything work perfectly   fraction new one cost highly recommend update anything change
139,bueno precio solo peque√±o rasp√≥n esquina bater√≠a pantalla impecable venir mico protectora camara perfecto ray√≥n detalle ah√≠ no ninguno detalle est√©tico funcional venir cable lighting usb solo cable no cargador contento compra pr√°cticamente nuevo principio duda poder decir √©l dar miedo
98,bueno embargo marco ayudar poner mica no encajar bien celular poner correctamente mica ser celular comprar
57,excelente
17,initially go back forth different quality tier renew version amazon backmarket end pay little premium not regret might snag lifetime deal hide instead get feel like brand new device indication refurbishment setting part report inform display camera replace genuine apple part would not guess
140,bien llegar equipo buena condici√≥n tiempo indicar llegada solo √∫nico malo llegar bater√≠a ah√≠ bien
99,exelente
58,excelente producto cristal bastante grueso no afectar operaci√≥n tel√©fono colocaci√≥n f√°cil ayuda herramienta venir inclu√≠do
18,receive today phone come temper glass screen protector instal already look pristine condition purchase premium battery health thing notice far charge port keep pop charging could cord phone ill investigate far seem excellent condition describe
141,recibir excelente condici√≥n est√©tico bot√≥n usado lente apreciar solo pila   si pasar
59,excelente calidad
100,hoy cumplir mes exactamente compre producto veniar protector hoy no ninguno caso herramienta si quedar bien iphonir pro usar herramienta case dificil instalar mas hecho tratar no entrar particula quedar burbuja creer general conllevar mucho atencion dejar instalacion buen ver mucho gente decia no pegar bien orilla quedar burbuja volver mismo creer mas dependiente instalar producto si malo resistencia mes usar protector romper facilmente uso cotidiar 1ero dia saque bolsillo astillado 2do mismo 3ero si caer cel romper aunque cumplio funcion solo estrello protector no pantalla pesos tampoco creer poder poner tanto exigente
19,funcionar bien precio recomeir
142,no bandeja colocar tarjeta sim
60,le ha protegido perfecto la pantalla de mi celular no se ha roto ni una sola vez
101,marca gustar adaptar exacto protector modelo tel√©fono duradero
20,excellent
143,ligero ara√±azo capacidad bater√≠a buen compra precio
61,buen calidad excelente precio
102,llegar bien empaque instalaci√≥n sencillo realizar siempre garantir cualquiera producto jetech
21,need iphone budget come across almost less iphone apple store intrigue upon purchase know buy refurbish phone chance could scratch battery issue receive phone come good packaging charger certificate functionality thrill packaging open phone set check battery health still total charge phone open either kind repair overall great purchase look get iphone pro max cheap renew premium one come unlocked
144,llegar bater√≠a pensar detalle est√©tico c√°mara s√≥lo polvo s√∫per bien pedir gb funcionar perfecto si ir telcel activir esim
62,buen calidad producto
103,instalador f√°cil momento instalar mica quedar recta celular
22,get hot initially charge know thing even new iphone pro max eventually go away plus really worried get case will not worry heat even though go away renew premium literally whole year return anything go wrong anyways funnily enough year return warranty suggest get new iphone pro max like day return policy renew premium day say
145,celular nuevo solo detallito estetico   minimo no interferir funcionamiento aparato
63,good
104,buen calidad
23,like new battery
146,preocupar no venir buena condici√≥n categor√≠a aceptable llego buena condici√≥n bater√≠a √∫nico defecto tener pantalla ray√≥n mica no alcanzar percibir c√°mara no ray√≥n general precio parecer buen compra
64,excelente quedar perfecto
105,colocar f√°cil marco apoyo no ensuciar huella gustar cubrir completamente pantalla
24,happy phone battery perfect well
147,comprar categor√≠a aceptable llegar buen est√©tica detalle visible
65,f√°cil poner
106,transparente resistente
25,battery health phone excellent overall however thing tiny chip glass visible use dark mode usually use get use day sad see initially
148,primero animo comprar equipo renovado verdad equipo llegar excelente condici√≥n rasgu√±o golpe bater√≠a llevar d√≠a excelente recomendado
107,cubrir total lapantalla venir as√≠ caso da√±ar √©l unala poder cambiar comprar no t arrepentir√°s
66,buen mica comprar hacer mes no necesidad cambiar √©l agradecer paquete tres suceder algun imprevisto herramienta hacer bien trabajo colocar
26,pay extra refurbish premium networkstore iphone receive power brand new no flaw whatsoever look like come straight brand new box repackage downside not get original box throw away unbox less msrp not issue not want risk regular refurbish
149,exelnte manejo justo querer
67,comprar 3ra ocasi√≥n proteger bien display precio f√°cil colocaci√≥n contar necesario
108,excelente producto pantalla ver genial
27,buen producto
150,llego d√≠a indicado nuevo
68,excelente
109,siempre comprar funda apple original tiempo entrega comprar este funda qued√© gratamente sorprendido s√≥lido agarrir bien tel√©fono gustar parte posterior borde levantado casi altura c√°mara agregar sujeci√≥n incluir wallet magn√©tico quedar menos salido funda hacer c√≥modo sujeci√≥n agregar cartera √∫nico tema grasa pegar f√°cil pasar funda original silicona poder sentir resbal√≥s no perder pr√°cticamente sujeci√≥n magsafe fuerte funcionar perfecto recomeir
28,buy phone red dot screen sure happen disappointed
151,cumplir expectativa equipo excelente condici√≥n parecer nuevo llegar empaque gen√©rico cable usb √∫nico detalle encontrar versi√≥n esim as√≠ no bandeja sim no mayor problema duda s√∫per recomendable
69,marca nunca decepcionar
110,traer tres mica buen calidad
29,happy satisfied purchase no way say renew great condition without scratch battery life work
152,bien recomeir
70,qued√≥ perfecto
111,parecer bien vengar mica kit limpieza anteriormente durar bastante tiempo caer telefono recomeir adem√°s quedar bien iphone pro
30,really great phone work day no phone day suspension put line make sure lost phone check imei number
153,est√©tica iphone venir golpeado orilla pantalla ray√≥n profundo segu√≠ bloqueado p√©sima compra
71,encantar
112,sorprender aun ls tienda oficial apple no vendar protector pantalla oficial producto estrella apple trabajar mano marca belkin decir todav√≠a no protecci√≥n maquina ponerlo sorprender cristal templado quedar excelente venir dispositivo ayudar colocaci√≥n quedar lugar aun asi quedar basura atrapado ah√≠ cuesti√≥n persona poner
31,poor quality screen scratch corner chunk return june th no refund receive yet
154,solo ciclo carga primero vez uso agosto a√∫n capacidad m√°ximo ver funcionar si salir mal actualizare rese√±a
72,funda ajustar perfecto s√∫per transparente ir ver cuanto duro econ√≥mico consegu√≠
113,caracter√≠stica
32,not come block
155,iphone excelente baterio venia
73,f√°cil poner traer pa√±o limpiador
114,cubrir descripci√≥n excelente producto
33,üëéüèª
156,perfecto ninguno detalle l√°stima venir bater√≠a
74,bien deslizamiento mejor resoluci√≥n f√°cil instalaci√≥n
115,buen producto proteger bien pantalla telefono
34,apenas llegar ayer contento equipo llegar s√∫per r√°pido excelente condici√≥n peque√±o detalle est√©tico borde no notar ah√≠ bien llegar bater√≠a si completamente nuevo
157,no noticeable defect chip metal housing around camera little disappointing battery good speed connectivity sound quality great
75,segundo vez pedir mica maravilla marzo hoy salvar celular vez √∫ltimo tras caer boca abajo metro altura mica cuarteado pantalla intacto sistema poner √©l s√∫per bueno asegurar burbuja quedar totalmente derechitar amar
116,recomeir
35,c√°mara frontal no enfobar
158,battery life phone lot less expect old xs max sever year use equivalent new one happy purchase date hold well battery life charge well charge cable
76,buen material sencillo colocaci√≥n
117,resistente protege la pantalla
36,equipo no traer ninguno ray√≥n nuevo √∫nico pila llegar excelente r√°pido env√≠o
159,everything great
77,protector celular calidad
118,buen calidad f√°cil instalar marcos feo disminuchar vision pantalla totalmente cristalino mejor venir precio vas plaza lacrer√≠a atacar vendiendotar mismo precio todav√≠a marco feo dudoso calidad solo verdad cuidado preferencia no tener ventilador cualquiera fuente aire poder aventar polvo cualquiera mota polvo poder caer hacer dejar burbuja no poder quitar tercero quedar bien xd volver comprar
37,gustar menos caja venir
160,also renew phone buyer   open battery setting take look battery health section reduce price reduced battery life mine ok need know cheap
78,silicon transparente ajustar bien
119,f√°cil instalar hacer burbuja orilla
38,llegar bien
161,excelente condici√≥n
79,bien kit venir protector marco instalar derechito mal despostillar chuter mica mes siempre despostillar funda borde alto no saber pasar hacer home office no tiempo traigar celular bolsa pantal√≥n siempre escritorio mesa noche a√∫n despostillar protegen bien calidad quiz√° salir defectuoso saber cumplir
120,llevar mas a√±o comprar protector pantalla excelente calidad precio
39,general evitar tipo producto preferir pagar instalaci√≥n pantalla no mas sorprender f√°cil instalar √©l excelente relaci√≥n calidadprecio incluir unidad cristal no solo ver sino buen calidad si iphone producto altamente recomendado especialmente aunque nuevo pantalla resistente golpe propenso rayar √©l compra imprescindible proteger inversi√≥n
162,no scratch   percent battery health con cheap charger provide not work
80,√∫nico bueno traer rompar f√°cilmente tener cuidado  
121,f√°cil instalar
40,mica venir juego tres adem√°s contar cada limpiador toallita limpiar decir venir juego tres adem√°s contar marco ayudar coloques mica protectora facilidad colocaci√≥n sencillo pues venir especie cosita ayudar pegues  mejor mica sacar √©l burbuja aire quedar atrapado detalle t√≥malo cautela percepci√≥n momento colgar mica sentir perder brillo pantalla decir resoluci√≥n vez iphone sentir apagar poquito mica importancia no poder solucionar si subir brillo llevar us√°ndola saber rayar resistir esperar no necesitar comprobar poder decir precio valer pena pues evitar ir plaza ir cobrar mismo solo mica aqu√≠ dar
163,nothing good ask unlocked renew premium phone precisely receive get check review company ethical electronicity great work way around highly recommend
81,excelente producto venir aplicar mica gustar pensar solo venir
122,play video ayudar soporte incluir poder colocar carcasa correctamente material bueno traer kit b√°sico limpiar pantalla colocar mica pegamento fijar bien aunque quedar dos peque√±o pelucita
41,protector siempre cumplir adem√°s ahora f√°cil instalar
164,perfect state no even one scratch
82,cumplir cometido bien proteger iphonir
123,siempre compro marca nunca fallar si proteger bien pantalla
42,bueno quedar medida recomendable
165,immediately turn see odd color grade set check apple replacement third party screen poor color iphone standard
83,precio parecer gran compra f√°cil instalar parecer resistente ver tiempo
124,venir gu√≠a poner √©l s√∫per sencillo f√°cil instalar recomendado
43,buen producto
166,phone pristine condition battery health
84,siempre compro mica jetech calidad f√°cil instalaci√≥n ahora venir gu√≠a quedar perfecto considerar aunque iphonir pro indicado mismo tama√±o pantalla no igual no ajustar funda correctamente
125,buen protector paquete
44,traer necesario colocar √©l hacer f√°cil vidriero casi no puesto si p√≥n bien no dejar marca buen precio vidrio
167,conveniente
85,f√°cil colocar buen calidad
126,entender punto mica rompar no romper pantalla romper demasiado facilidad golpe peque√±o cambi√© mica varios vez mes decidir comprar barato tienda local llevar mes menos precio
1,tel√©fono funcionar correctamente √∫nico detalle peque√±o ara√±azo pantalla protector no apreciar dem√°
2,bater√≠a duro malo recepci√≥n se√±al
3,f√≠sicamente impecable nuevo carguir cuenta funcionar perfectamente bater√≠a duro hora pantalla funcionar correctamente as√≠ bot√≥n no decir tel√©fono renovado relaci√≥n calidadprecio fant√°stico a√∫n faltar colocar tarjeta sim a√∫n dos mes seguir probar iphone hoy satisfecho
